"CALL_ID","MASTER_CUSTOMER_ID","CALL_DATE","DURATION_SECONDS","AGENT_NAME","CALL_TYPE","SENTIMENT","MP4_FILE_PATH","TRANSCRIPTION","SUMMARY","WAIT_SECONDS","WRAP_UP_SECONDS","RESOLVED_FIRST_CALL","CSAT_SCORE","NPS_SCORE","CHANNEL","ABANDONED","KEYWORDS"
"CALL-115","SF-SF-0030Z00003XH4ozQAD","2026-05-27 13:00:00.000",535,"James Kelly","Outbound","Neutral","\N","Customer called about billing inquiry. Agent reviewed account and provided clarification on recent charges.","Standard inquiry handled. Information provided. Customer acknowledged. No escalation needed.",35,30,true,4.0,42,"Phone",false,"cancellation,refund,dissatisfied"
"CALL-116","SF-SF-003VI00000BMUiiYAH","2026-05-14 10:00:00.000",572,"Maria Garcia","Inbound","Positive","\N","Follow-up call regarding claim status. Agent confirmed processing timeline and next steps.","Customer satisfied with resolution. No further action required. Positive interaction noted.",15,45,true,4.7,98,"Phone",false,"login,password,access,technical"
"CALL-117","SF-SF-0033r00003wlAoKAAU","2026-05-01 17:00:00.000",69,"David Chen","Inbound","Negative","\N","Customer requested policy changes. Agent walked through options and updated preferences.","Customer expressed frustration. Follow-up required within 48 hours. Potential churn risk identified.",87,66,false,2.2,-26,"Phone",false,"cancellation,refund,dissatisfied"
"CALL-119","SF-SF-003VI00000ehKFnYAM","2026-04-05 11:00:00.000",143,"Patrick Murphy","Inbound","Positive","\N","Renewal discussion. Agent presented upgrade options and confirmed existing coverage details.","Customer satisfied with resolution. No further action required. Positive interaction noted.",6,56,true,4.6,65,"Phone",false,"complaint,escalation,manager"
"CALL-120","SF-SF-0033r00003xvaH8AAI","2026-03-23 08:00:00.000",180,"Sarah O'Brien","Inbound","Positive","\N","Customer called about billing inquiry. Agent reviewed account and provided clarification on recent charges.","Customer satisfied with resolution. No further action required. Positive interaction noted.",32,108,true,4.9,90,"Phone",false,"policy,renewal,upgrade,coverage"
"CALL-121","SF-SF-003VI00000achW8YAI","2026-03-10 15:00:00.000",217,"James Kelly","Outbound","Negative","\N","Follow-up call regarding claim status. Agent confirmed processing timeline and next steps.","Customer expressed frustration. Follow-up required within 48 hours. Potential churn risk identified.",8,121,false,1.8,-40,"Phone",true,"new-customer,onboarding,setup"
"CALL-122","SF-SF-0033r00003vzsVQAAY","2026-02-25 12:00:00.000",254,"Maria Garcia","Inbound","Neutral","\N","Customer requested policy changes. Agent walked through options and updated preferences.","Standard inquiry handled. Information provided. Customer acknowledged. No escalation needed.",9,89,true,3.7,24,"Email",false,"policy,renewal,upgrade,coverage"
"CALL-123","SF-SF-003Do000009pfW7IAI","2026-02-12 09:00:00.000",291,"David Chen","Inbound","Positive","\N","Technical support call - customer had login issues. Agent reset credentials and verified access.","Customer satisfied with resolution. No further action required. Positive interaction noted.",19,61,true,4.4,90,"Phone",false,"complaint,escalation,manager"
"CALL-124","SF-SF-003VI00000eszaXYAQ","2026-01-30 16:00:00.000",328,"Emma Walsh","Outbound","Negative","\N","Renewal discussion. Agent presented upgrade options and confirmed existing coverage details.","Customer expressed frustration. Follow-up required within 48 hours. Potential churn risk identified.",60,129,false,1.0,-23,"Email",false,"policy,renewal,upgrade,coverage"
"CALL-125","SF-SF-003VI00000tVrmmYAC","2026-01-17 13:00:00.000",365,"Patrick Murphy","Inbound","Neutral","\N","Customer called about billing inquiry. Agent reviewed account and provided clarification on recent charges.","Standard inquiry handled. Information provided. Customer acknowledged. No escalation needed.",16,135,false,2.9,16,"Phone",false,"claim,status,processing,timeline"
"CALL-126","SF-SF-0033r00003tEac5AAC","2026-01-04 10:00:00.000",402,"Sarah O'Brien","Inbound","Positive","\N","Follow-up call regarding claim status. Agent confirmed processing timeline and next steps.","Customer satisfied with resolution. No further action required. Positive interaction noted.",102,68,true,4.1,73,"Phone",false,"complaint,escalation,manager"
"CALL-127","SF-SF-003Do00000Pwpu8IAB","2025-12-22 17:00:00.000",439,"James Kelly","Outbound","Negative","\N","Customer requested policy changes. Agent walked through options and updated preferences.","Customer expressed frustration. Follow-up required within 48 hours. Potential churn risk identified.",6,122,false,1.8,-45,"Phone",false,"billing,invoice,payment,charges"
"CALL-128","SF-SF-003VI00000OXA1SYAX","2025-12-09 14:00:00.000",476,"Maria Garcia","Inbound","Neutral","\N","Technical support call - customer had login issues. Agent reset credentials and verified access.","Standard inquiry handled. Information provided. Customer acknowledged. No escalation needed.",33,113,false,2.8,36,"Phone",false,"feedback,satisfaction,recommendation"
"CALL-129","SF-SF-003VI00000iSFFmYAO","2025-11-26 11:00:00.000",513,"David Chen","Inbound","Positive","\N","Renewal discussion. Agent presented upgrade options and confirmed existing coverage details.","Customer satisfied with resolution. No further action required. Positive interaction noted.",102,52,true,4.7,79,"Chat",false,"claim,status,processing,timeline"
"CALL-130","SF-SF-003Do00000NUwxrIAD","2025-11-13 08:00:00.000",550,"Emma Walsh","Outbound","Positive","\N","Customer called about billing inquiry. Agent reviewed account and provided clarification on recent charges.","Customer satisfied with resolution. No further action required. Positive interaction noted.",41,123,true,4.7,64,"Phone",false,"billing,invoice,payment,charges"
"CALL-131","SF-SF-003VI00000JbZ2WYAV","2025-10-31 15:00:00.000",587,"Patrick Murphy","Inbound","Negative","\N","Follow-up call regarding claim status. Agent confirmed processing timeline and next steps.","Customer expressed frustration. Follow-up required within 48 hours. Potential churn risk identified.",15,140,false,1.4,-15,"Chat",false,"login,password,access,technical"
"CALL-132","SF-SF-003VI000011dVnfYAE","2025-10-18 12:00:00.000",84,"Sarah O'Brien","Inbound","Neutral","\N","Customer requested policy changes. Agent walked through options and updated preferences.","Standard inquiry handled. Information provided. Customer acknowledged. No escalation needed.",41,88,true,4.2,21,"Chat",false,"feedback,satisfaction,recommendation"
"CALL-133","SF-SF-003VI00000PDuZ6YAL","2025-10-05 09:00:00.000",121,"James Kelly","Outbound","Positive","\N","Technical support call - customer had login issues. Agent reset credentials and verified access.","Customer satisfied with resolution. No further action required. Positive interaction noted.",40,120,true,4.6,73,"Phone",false,"policy,renewal,upgrade,coverage"
"CALL-134","SF-SF-003Do00000K5DKnIAN","2025-09-22 16:00:00.000",158,"Maria Garcia","Inbound","Negative","\N","Renewal discussion. Agent presented upgrade options and confirmed existing coverage details.","Customer expressed frustration. Follow-up required within 48 hours. Potential churn risk identified.",15,79,false,1.1,-31,"Chat",false,"feedback,satisfaction,recommendation"
"CALL-135","SF-SF-0030Z00003XH4ozQAD","2025-09-09 13:00:00.000",195,"David Chen","Inbound","Neutral","\N","Customer called about billing inquiry. Agent reviewed account and provided clarification on recent charges.","Standard inquiry handled. Information provided. Customer acknowledged. No escalation needed.",35,146,true,3.6,19,"Email",false,"claim,status,processing,timeline"
"CALL-136","SF-SF-003VI00000BMUiiYAH","2025-08-27 10:00:00.000",232,"Emma Walsh","Outbound","Positive","\N","Follow-up call regarding claim status. Agent confirmed processing timeline and next steps.","Customer satisfied with resolution. No further action required. Positive interaction noted.",52,50,true,4.8,94,"Phone",false,"claim,status,processing,timeline"
"CALL-137","SF-SF-0033r00003wlAoKAAU","2025-08-14 17:00:00.000",269,"Patrick Murphy","Inbound","Negative","\N","Customer requested policy changes. Agent walked through options and updated preferences.","Customer expressed frustration. Follow-up required within 48 hours. Potential churn risk identified.",5,35,true,1.2,-13,"Phone",false,"cancellation,refund,dissatisfied"
"CALL-138","SF-SF-003VI0000123DiOYAU","2025-08-01 14:00:00.000",306,"Sarah O'Brien","Inbound","Neutral","\N","Technical support call - customer had login issues. Agent reset credentials and verified access.","Standard inquiry handled. Information provided. Customer acknowledged. No escalation needed.",14,108,true,4.1,24,"Phone",false,"login,password,access,technical"
"CALL-139","SF-SF-003VI00000ehKFnYAM","2025-07-19 11:00:00.000",343,"James Kelly","Outbound","Positive","\N","Renewal discussion. Agent presented upgrade options and confirmed existing coverage details.","Customer satisfied with resolution. No further action required. Positive interaction noted.",31,114,true,4.0,84,"Phone",false,"policy,renewal,upgrade,coverage"
"CALL-140","SF-SF-0033r00003xvaH8AAI","2025-07-06 08:00:00.000",380,"Maria Garcia","Inbound","Positive","\N","Customer called about billing inquiry. Agent reviewed account and provided clarification on recent charges.","Customer satisfied with resolution. No further action required. Positive interaction noted.",42,85,true,4.4,84,"Phone",false,"login,password,access,technical"
"CALL-143","SF-SF-003Do000009pfW7IAI","2026-05-28 09:00:00.000",491,"Patrick Murphy","Inbound","Positive","\N","Technical support call - customer had login issues. Agent reset credentials and verified access.","Customer satisfied with resolution. No further action required. Positive interaction noted.",44,117,true,4.8,85,"Phone",false,"claim,status,processing,timeline"
"CALL-144","SF-SF-003VI00000eszaXYAQ","2026-05-15 16:00:00.000",528,"Sarah O'Brien","Inbound","Negative","\N","Renewal discussion. Agent presented upgrade options and confirmed existing coverage details.","Customer expressed frustration. Follow-up required within 48 hours. Potential churn risk identified.",64,96,true,2.4,-44,"Chat",false,"billing,invoice,payment,charges"
"CALL-145","SF-SF-003VI00000tVrmmYAC","2026-05-02 13:00:00.000",565,"James Kelly","Outbound","Neutral","\N","Customer called about billing inquiry. Agent reviewed account and provided clarification on recent charges.","Standard inquiry handled. Information provided. Customer acknowledged. No escalation needed.",34,129,false,3.0,39,"Chat",false,"login,password,access,technical"
"CALL-146","SF-SF-0033r00003tEac5AAC","2026-04-19 10:00:00.000",62,"Maria Garcia","Inbound","Positive","\N","Follow-up call regarding claim status. Agent confirmed processing timeline and next steps.","Customer satisfied with resolution. No further action required. Positive interaction noted.",73,104,true,4.3,79,"Chat",false,"new-customer,onboarding,setup"
"CALL-147","SF-SF-003Do00000Pwpu8IAB","2026-04-06 17:00:00.000",99,"David Chen","Inbound","Negative","\N","Customer requested policy changes. Agent walked through options and updated preferences.","Customer expressed frustration. Follow-up required within 48 hours. Potential churn risk identified.",17,112,false,1.0,-21,"Chat",false,"policy,renewal,upgrade,coverage"
"CALL-149","SF-SF-003VI00000iSFFmYAO","2026-03-11 11:00:00.000",173,"Patrick Murphy","Inbound","Positive","\N","Renewal discussion. Agent presented upgrade options and confirmed existing coverage details.","Customer satisfied with resolution. No further action required. Positive interaction noted.",8,77,true,4.0,93,"Phone",true,"feedback,satisfaction,recommendation"
"CALL-150","SF-SF-003Do00000NUwxrIAD","2026-02-26 08:00:00.000",210,"Sarah O'Brien","Inbound","Positive","\N","Customer called about billing inquiry. Agent reviewed account and provided clarification on recent charges.","Customer satisfied with resolution. No further action required. Positive interaction noted.",61,142,true,4.1,86,"Phone",false,"cancellation,refund,dissatisfied"
"CALL-151","SF-SF-003VI00000JbZ2WYAV","2026-02-13 15:00:00.000",247,"James Kelly","Outbound","Negative","\N","Follow-up call regarding claim status. Agent confirmed processing timeline and next steps.","Customer expressed frustration. Follow-up required within 48 hours. Potential churn risk identified.",104,71,false,1.1,-32,"Phone",false,"claim,status,processing,timeline"
"CALL-152","SF-SF-003VI000011dVnfYAE","2026-01-31 12:00:00.000",284,"Maria Garcia","Inbound","Neutral","\N","Customer requested policy changes. Agent walked through options and updated preferences.","Standard inquiry handled. Information provided. Customer acknowledged. No escalation needed.",56,42,true,4.1,32,"Phone",false,"feedback,satisfaction,recommendation"
"CALL-153","SF-SF-003VI00000PDuZ6YAL","2026-01-18 09:00:00.000",321,"David Chen","Inbound","Positive","\N","Technical support call - customer had login issues. Agent reset credentials and verified access.","Customer satisfied with resolution. No further action required. Positive interaction noted.",19,149,true,4.6,86,"Phone",false,"cancellation,refund,dissatisfied"
"CALL-154","SF-SF-003Do00000K5DKnIAN","2026-01-05 16:00:00.000",358,"Emma Walsh","Outbound","Negative","\N","Renewal discussion. Agent presented upgrade options and confirmed existing coverage details.","Customer expressed frustration. Follow-up required within 48 hours. Potential churn risk identified.",44,37,false,1.9,-31,"Phone",false,"billing,invoice,payment,charges"
"CALL-155","SF-SF-0030Z00003XH4ozQAD","2025-12-23 13:00:00.000",395,"Patrick Murphy","Inbound","Neutral","\N","Customer called about billing inquiry. Agent reviewed account and provided clarification on recent charges.","Standard inquiry handled. Information provided. Customer acknowledged. No escalation needed.",74,36,true,3.5,42,"Phone",false,"feedback,satisfaction,recommendation"
"CALL-156","SF-SF-003VI00000BMUiiYAH","2025-12-10 10:00:00.000",432,"Sarah O'Brien","Inbound","Positive","\N","Follow-up call regarding claim status. Agent confirmed processing timeline and next steps.","Customer satisfied with resolution. No further action required. Positive interaction noted.",28,94,true,4.9,62,"Phone",false,"login,password,access,technical"
"CALL-157","SF-SF-0033r00003wlAoKAAU","2025-11-27 17:00:00.000",469,"James Kelly","Outbound","Negative","\N","Customer requested policy changes. Agent walked through options and updated preferences.","Customer expressed frustration. Follow-up required within 48 hours. Potential churn risk identified.",31,133,true,1.4,-20,"Email",false,"claim,status,processing,timeline"
"CALL-158","SF-SF-003VI0000123DiOYAU","2025-11-14 14:00:00.000",506,"Maria Garcia","Inbound","Neutral","\N","Technical support call - customer had login issues. Agent reset credentials and verified access.","Standard inquiry handled. Information provided. Customer acknowledged. No escalation needed.",90,115,true,4.0,47,"Phone",false,"feedback,satisfaction,recommendation"
"CALL-159","SF-SF-003VI00000ehKFnYAM","2025-11-01 11:00:00.000",543,"David Chen","Inbound","Positive","\N","Renewal discussion. Agent presented upgrade options and confirmed existing coverage details.","Customer satisfied with resolution. No further action required. Positive interaction noted.",43,144,true,4.1,68,"Chat",false,"new-customer,onboarding,setup"
"CALL-160","SF-SF-0033r00003xvaH8AAI","2025-10-19 08:00:00.000",580,"Emma Walsh","Outbound","Positive","\N","Customer called about billing inquiry. Agent reviewed account and provided clarification on recent charges.","Customer satisfied with resolution. No further action required. Positive interaction noted.",11,34,true,4.8,84,"Phone",false,"complaint,escalation,manager"
"CALL-161","SF-SF-003VI00000achW8YAI","2025-10-06 15:00:00.000",77,"Patrick Murphy","Inbound","Negative","\N","Follow-up call regarding claim status. Agent confirmed processing timeline and next steps.","Customer expressed frustration. Follow-up required within 48 hours. Potential churn risk identified.",14,76,false,2.0,-35,"Phone",false,"complaint,escalation,manager"
"CALL-162","SF-SF-0033r00003vzsVQAAY","2025-09-23 12:00:00.000",114,"Sarah O'Brien","Inbound","Neutral","\N","Customer requested policy changes. Agent walked through options and updated preferences.","Standard inquiry handled. Information provided. Customer acknowledged. No escalation needed.",17,142,true,3.7,16,"Chat",false,"login,password,access,technical"
"CALL-163","SF-SF-003Do000009pfW7IAI","2025-09-10 09:00:00.000",151,"James Kelly","Outbound","Positive","\N","Technical support call - customer had login issues. Agent reset credentials and verified access.","Customer satisfied with resolution. No further action required. Positive interaction noted.",43,50,true,4.4,87,"Phone",false,"policy,renewal,upgrade,coverage"
"CALL-164","SF-SF-003VI00000eszaXYAQ","2025-08-28 16:00:00.000",188,"Maria Garcia","Inbound","Negative","\N","Renewal discussion. Agent presented upgrade options and confirmed existing coverage details.","Customer expressed frustration. Follow-up required within 48 hours. Potential churn risk identified.",28,100,false,1.4,-43,"Phone",false,"claim,status,processing,timeline"
"CALL-165","SF-SF-003VI00000tVrmmYAC","2025-08-15 13:00:00.000",225,"David Chen","Inbound","Neutral","\N","Customer called about billing inquiry. Agent reviewed account and provided clarification on recent charges.","Standard inquiry handled. Information provided. Customer acknowledged. No escalation needed.",12,112,false,4.1,12,"Chat",false,"login,password,access,technical"
"CALL-166","SF-SF-0033r00003tEac5AAC","2025-08-02 10:00:00.000",262,"Emma Walsh","Outbound","Positive","\N","Follow-up call regarding claim status. Agent confirmed processing timeline and next steps.","Customer satisfied with resolution. No further action required. Positive interaction noted.",29,137,true,4.5,67,"Phone",false,"new-customer,onboarding,setup"
"CALL-167","SF-SF-003Do00000Pwpu8IAB","2025-07-20 17:00:00.000",299,"Patrick Murphy","Inbound","Negative","\N","Customer requested policy changes. Agent walked through options and updated preferences.","Customer expressed frustration. Follow-up required within 48 hours. Potential churn risk identified.",55,71,true,2.4,-36,"Chat",false,"feedback,satisfaction,recommendation"
"CALL-002","SF-00009001","2025-11-18 14:05:00.000",187,"James Kelly","Outbound","Positive","@CUSTOMER_360.PUBLIC.CALL_RECORDINGS_STAGE/call_002.mp4","Agent: Hi, this is James Kelly from accounts. Am I speaking with John Smith?
Customer: Yes, hi James.
Agent: I'm following up on your billing query from Friday. I've reviewed your invoice and you were correct - there was an error. We've issued a credit of €650 and your corrected invoice is now €1,800.
Customer: Brilliant, thanks for sorting that out so quickly.
Agent: No problem at all. The credit will appear on your next statement. Is there anything else?
Customer: No, all good. Appreciate the quick turnaround.
Agent: Great, have a good evening John.","Agent James Kelly from accounts corrected an invoice error for John Smith, issuing a €650 credit and reducing the invoice amount to €1,800. John expressed gratitude for the quick resolution and had no further queries.",16,129,true,4.6,89,"Phone",false,"login,password,access,technical"
"CALL-003","SF-00009001","2026-01-08 11:30:00.000",456,"Sarah O'Brien","Inbound","Negative","@CUSTOMER_360.PUBLIC.CALL_RECORDINGS_STAGE/call_003.mp4","Agent: Good morning, Sarah speaking. How can I help?
Customer: Hi Sarah, John Smith here. I'm having major issues accessing the platform since the upgrade last week. It keeps timing out.
Agent: I'm sorry to hear that, John. Let me check the system status. When did this start?
Customer: Since Monday. I've tried different browsers, cleared cache, nothing works. This is affecting my team's productivity.
Agent: I understand the urgency. I can see there are some known issues affecting accounts in the EU region. Our engineering team is working on a fix. Can I set up a temporary workaround for you?
Customer: I need this sorted today - we have a deadline.
Agent: Absolutely. Let me transfer you to our technical support team who can set up the workaround immediately. I'll stay on the line to make sure you're connected.
Customer: Fine, let's do that.
Agent: Transferring now... [hold music]
Tech Support: Hi John, this is Dave from tech support. Sarah briefed me. Let me walk you through the workaround...","Customer reported issues accessing the platform since the upgrade last week, affecting productivity. Agent checked system status and found known issues in EU region. Engineering team working on a fix. Customer requested a temporary workaround and was transferred to tech support for assistance.",80,137,false,1.6,-25,"Phone",false,"complaint,escalation,manager"
"CALL-004","SF-00009001","2026-02-20 16:45:00.000",234,"Maria Garcia","Inbound","Positive","@CUSTOMER_360.PUBLIC.CALL_RECORDINGS_STAGE/call_004.mp4","Agent: Thank you for calling, this is Maria. How may I help you?
Customer: Hi Maria, John Smith. I wanted to ask about upgrading our subscription tier.
Agent: Of course, John. I can see you're currently on the Professional plan. What are you looking to add?
Customer: We're growing the team and need more seats, plus the advanced analytics features.
Agent: The Enterprise plan would give you unlimited seats and full analytics. It's €3,200 per quarter. Would you like me to send you a comparison sheet?
Customer: Yes please. And can we schedule a demo of the analytics features?
Agent: Absolutely. I'll email the comparison and have our solutions team reach out to schedule a demo. Does this week work?
Customer: Next week would be better.
Agent: Perfect, I'll arrange that. Anything else?
Customer: That's all, thanks Maria.","Customer inquired about upgrading subscription to Enterprise plan for additional seats and advanced analytics. Agent provided price and sent comparison sheet, scheduled demo for next week.",22,77,true,4.9,62,"Email",false,"feedback,satisfaction,recommendation"
"CALL-005","SF-00009001","2026-04-03 10:15:00.000",128,"James Kelly","Outbound","Positive","@CUSTOMER_360.PUBLIC.CALL_RECORDINGS_STAGE/call_005.mp4","Agent: Good morning John, James Kelly here. Just calling to check in on how the Enterprise upgrade has been going for you?
Customer: Hey James, great actually. The team loves the analytics dashboard and the extra seats were exactly what we needed.
Agent: Fantastic to hear. And the onboarding went smoothly?
Customer: Yes, your solutions team were brilliant. Very smooth transition.
Agent: Excellent. Well if you ever need anything, don't hesitate to reach out. We'll do a formal quarterly review in June.
Customer: Sounds good. Thanks James.","The customer, John, is satisfied with the Enterprise upgrade, appreciating the new analytics dashboard and smooth onboarding process. The solutions team received praise for their assistance during the transition. A formal review is scheduled for June.",18,116,false,4.5,67,"Phone",true,"cancellation,refund,dissatisfied"
"CALL-006","SF-00009019","2025-12-02 13:20:00.000",289,"Sarah O'Brien","Inbound","Neutral","@CUSTOMER_360.PUBLIC.CALL_RECORDINGS_STAGE/call_006.mp4","Agent: Good afternoon, Sarah speaking. How can I help?
Customer: Hi, this is Patricia Murphy. I need to update my contact details on the account.
Agent: Of course, Patricia. Let me verify your identity first. Can you confirm your account email?
Customer: It's patricia.murphy@gmail.com.
Agent: Thank you. What changes do you need to make?
Customer: I've moved offices. The new address is 45 Grafton Street, Dublin 2, D02 XY89.
Agent: Got it. I've updated your mailing address. Would you like to update anything else - phone number, email?
Customer: No, just the address for now. Thanks.
Agent: Done. The change is effective immediately. Anything else I can help with?
Customer: No, that's all. Thank you Sarah.","Customer contacted the agent to update her mailing address (45 Grafton Street, Dublin 2, D02 XY89) on her account. The change was made and the customer did not request any other modifications.",77,95,true,3.1,19,"Email",false,"claim,status,processing,timeline"
"CALL-007","SF-00009004","2026-01-22 09:55:00.000",412,"Maria Garcia","Inbound","Negative","@CUSTOMER_360.PUBLIC.CALL_RECORDINGS_STAGE/call_007.mp4","Agent: Thank you for calling, Maria speaking.
Customer: Hi, this is Isabel Quam. I've been on hold for 20 minutes already. I need to report a data issue.
Agent: I apologise for the wait, Isabel. Let me help you with that right away. What's the issue?
Customer: We ran our monthly report and the numbers are completely wrong. Revenue figures are showing double what they should be.
Agent: I understand the concern. When did you first notice this?
Customer: This morning when we pulled the January report. It's showing €4.2 million when it should be around €2.1 million.
Agent: It sounds like there may be a duplication issue. Let me create an urgent ticket for our data engineering team. Can you send me a screenshot of the report to our support email?
Customer: I already sent one an hour ago.
Agent: Let me check... yes, I can see it. I'm escalating this as P1 priority. You'll have a response within 2 hours.
Customer: It needs to be fixed today, we have board reporting tomorrow.
Agent: Understood. I'm marking it as critical. Someone will call you back within the hour.
Customer: Fine. Thank you.","Customer reported a data issue with incorrect revenue figures in monthly report, agent created an urgent ticket for data engineering team and promised a response within 2 hours due to upcoming board reporting.",17,77,false,1.9,-50,"Phone",true,"complaint,escalation,manager"
"CALL-008","SF-00009005","2026-03-10 15:30:00.000",198,"James Kelly","Outbound","Positive","@CUSTOMER_360.PUBLIC.CALL_RECORDINGS_STAGE/call_008.mp4","Agent: Hi, is this John Smith?
Customer: Yes, speaking.
Agent: John, this is James Kelly. I'm calling about your contract renewal coming up in April.
Customer: Ah yes, I was meaning to call about that.
Agent: Great timing then. Your current 12-month agreement expires on April 15th. We'd love to offer you a 10% loyalty discount if you commit to another 12 months.
Customer: That's a nice offer. What would the total come to?
Agent: With the discount, it would be €5,400 for the year instead of €6,000.
Customer: Can I have a few days to discuss with my team?
Agent: Of course, take your time. The offer is valid until April 1st. I'll send the details in an email.
Customer: Perfect, thanks James.
Agent: Talk soon, John. Have a good one.","An agent, James Kelly, contacted John Smith regarding his contract renewal expiring on April 15th. The agent offered a 10% loyalty discount, reducing the annual cost from €6,000 to €5,400. John asked for time to discuss with his team and the offer was valid until April 1st. The agent sent the details in an email and ended the call.",21,103,true,4.0,66,"Email",false,"cancellation,refund,dissatisfied"
"CALL-009","SF-00009019","2026-02-14 10:30:00.000",267,"Maria Garcia","Inbound","Positive","@CUSTOMER_360.PUBLIC.CALL_RECORDINGS_STAGE/call_009.mp4","Agent: Good morning, Maria speaking.
Customer: Hi Maria, Patricia Murphy here. I just wanted to say the new reporting feature is fantastic.
Agent: That is great to hear, Patricia. Is there anything specific you find most useful?
Customer: The automated weekly summaries save me at least two hours every Monday. My team loves them.
Agent: Wonderful feedback. I will pass that along to our product team. Anything else I can help with?
Customer: No, just wanted to share that. Keep up the good work.
Agent: Thank you so much, Patricia. Have a lovely day.","Customer praised the new reporting feature's weekly summaries for saving time, benefiting her team. Agent acknowledged feedback and passed it along to the product team.",77,64,true,4.3,95,"Phone",false,"feedback,satisfaction,recommendation"
"CALL-010","SF-00009004","2026-02-28 14:15:00.000",523,"Sarah O'Brien","Inbound","Negative","@CUSTOMER_360.PUBLIC.CALL_RECORDINGS_STAGE/call_010.mp4","Agent: Thank you for calling, Sarah speaking.
Customer: Isabel Quam here. We have a serious issue. Our monthly analytics report is showing data from another company mixed in with ours.
Agent: I am very sorry to hear that, Isabel. That sounds like a data isolation concern. Let me escalate immediately.
Customer: This is a potential GDPR breach. We need this investigated urgently.
Agent: Absolutely understood. I am creating a P1 security ticket right now. Our data protection officer will be in contact within the hour.
Customer: I need written confirmation that no other customer has seen our data.
Agent: Of course. I will ensure you receive a formal incident report within 4 hours. Is there anything else immediate?
Customer: No, but I expect a call back within the hour as promised.
Agent: You have my word. I am personally flagging this with our security team now.","Customer reported a data isolation issue with mixed data in their monthly analytics report, potentially leading to a GDPR breach. Agent escalated the issue, created a P1 security ticket, and promised a formal incident report within 4 hours, as well as a call back within the hour. Customer expected immediate action and confirmation that no other customers had accessed their data.",29,76,true,1.6,-30,"Phone",false,"billing,invoice,payment,charges"
"CALL-011","SF-00009005","2026-04-20 09:00:00.000",198,"James Kelly","Outbound","Positive","@CUSTOMER_360.PUBLIC.CALL_RECORDINGS_STAGE/call_011.mp4","Agent: Good morning John, James Kelly here. Just calling for your quarterly review.
Customer: Hey James, perfect timing. Everything has been running smoothly.
Agent: Great to hear. Usage is up 15% this quarter. The team seems to be getting good value.
Customer: Definitely. The beta features you gave us early access to are particularly useful.
Agent: Excellent. Any feature requests for the next quarter?
Customer: Actually yes, we would love a mobile app for the dashboard.
Agent: Noted. I will raise that with product. Anything else?
Customer: That is it. Thanks James.
Agent: Talk soon, John.","Customer reported smooth operation, 15% usage increase, and requested a mobile app for the dashboard during a quarterly review call.",26,80,true,4.0,89,"Phone",false,"login,password,access,technical"
"CALL-012","SF-00009001","2026-05-10 16:00:00.000",312,"Maria Garcia","Inbound","Neutral","@CUSTOMER_360.PUBLIC.CALL_RECORDINGS_STAGE/call_012.mp4","Agent: Thank you for calling, this is Maria.
Customer: Hi Maria, John Smith. I need to add three more users to our Enterprise account.
Agent: Of course, John. You currently have 47 of your 50 seats allocated. Adding 3 will bring you to the maximum.
Customer: Right. And what happens if we need more than 50?
Agent: We can do an ad-hoc seat expansion at 95 euro per seat per month, or we can discuss upgrading to Enterprise Plus which gives unlimited seats.
Customer: Send me the Enterprise Plus pricing and I will discuss with the team.
Agent: I will email that over today. In the meantime, shall I add those 3 users now?
Customer: Yes please. The emails are sarah.walsh@snowflake.com, tom.burke@snowflake.com, and anna.kelly@snowflake.com.
Agent: Done. They will receive activation emails within 5 minutes.
Customer: Perfect, thanks Maria.","Customer requested to add three users to their Enterprise account, which currently has 47 out of 50 seats occupied. Agent offered two options for expanding the number of seats: a monthly fee for each additional seat or upgrading to Enterprise Plus with unlimited seats. Customer asked for Enterprise Plus pricing and requested to add the three users mentioned: sarah.walsh@snowflake.com, tom.burke@snowflake.com, and anna.kelly@snowflake.com. Agent confirmed the addition and informed the customers that they will receive activation emails within 5 minutes.",32,76,false,3.6,14,"Phone",false,"feedback,satisfaction,recommendation"
"CALL-013","SF-00009019","2026-03-22 11:45:00.000",445,"James Kelly","Inbound","Negative","@CUSTOMER_360.PUBLIC.CALL_RECORDINGS_STAGE/call_013.mp4","Agent: Good morning, James speaking.
Customer: James, Patricia Murphy. My invoice this month is wrong again. This is the third time.
Agent: I apologise sincerely, Patricia. Let me look into this right now.
Customer: I was charged 750 euro instead of 600. There is an extra line item I did not authorise.
Agent: I can see it. It looks like a training module was added to your account on the 5th. Did anyone on your team request that?
Customer: Absolutely not. This keeps happening and it is not acceptable.
Agent: You are completely right. I am removing the charge immediately and issuing a credit. I am also placing a lock on your account so no add-ons can be applied without your direct authorisation.
Customer: That should have been done after the first time.
Agent: I agree, and I apologise for the oversight. The credit of 150 euro will appear within 24 hours. Is there anything else?
Customer: No, but if it happens again I will be looking at other providers.
Agent: Understood, Patricia. I will personally ensure this does not recur.","Customer reported an incorrect invoice for the third time, with an unauthorized charge of 150 euros. The agent apologized, removed the charge, issued a credit, and placed a lock on the account to prevent future unauthorized add-ons. The customer expressed dissatisfaction and threatened to switch providers. The agent promised to prevent recurrence.",6,87,true,1.5,-31,"Chat",false,"new-customer,onboarding,setup"
"CALL-013","SF-00009001","2026-05-20 09:30:00.000",245,"James Kelly","Outbound","Positive","@ANDE_DB.PUBLIC.CALL_RECORDINGS_PUBLIC/call_013_smith.mp4","Agent: Hi John, this is James from Snowflake support. I'm calling to follow up on the enterprise license renewal we discussed last week.
Customer: Hi James, yes I was expecting your call. We've reviewed the proposal internally and the team is happy with the pricing.
Agent: That's great to hear. So you're good to proceed with the 3-year enterprise agreement?
Customer: Yes, we want to go ahead. The only thing we need is to add two more regions - EU West and AP Southeast.
Agent: Absolutely, I can add those. That would adjust the annual commitment slightly. Let me send you the updated contract today.
Customer: Perfect. And can you include the Cortex AI features in the bundle? We're very interested in using those.
Agent: Of course, Cortex Complete and Cortex Search are included in the enterprise tier. I'll make sure the contract reflects that.
Customer: Excellent. Looking forward to it. Talk soon.","The customer has agreed to renew the enterprise license with Snowflake for three years and requested the addition of EU West and AP Southeast regions. The contract will include Cortex AI features as per the customer's request.",6,87,true,4.5,79,"Chat",false,"new-customer,onboarding,setup"
"CALL-014","SF-00009001","2026-05-25 14:15:00.000",180,"Sarah O'Brien","Inbound","Neutral","@CUSTOMER_360.PUBLIC.CALL_RECORDINGS_STAGE/call_014_smith.mp4","Customer: Hi, this is John Smith from Snowflake. I need to check the status of a support ticket I raised last Thursday.
Agent: Hi John, let me pull that up. Could you give me the ticket number?
Customer: It's SNOW-2026-14582. It's about the Dynamic Tables refresh lag we're seeing in production.
Agent: Found it. I can see our engineering team has been investigating. The issue appears to be related to an upstream dependency on a large staging table. They recommend increasing the target lag to 5 minutes during peak hours.
Customer: That makes sense. Can they also look at the query plan? I think there might be an inefficient join.
Agent: I'll add that note to the ticket and escalate to the performance team. You should hear back within 24 hours.
Customer: Thanks Sarah, appreciate it.","Customer John Smith from Snowflake inquired about a support ticket (SNOW-2026-14582) regarding Dynamic Tables refresh lag in production. The engineering team is investigating, and the issue seems to be linked to a large staging table. They suggest increasing the target lag to 5 minutes during peak hours. Customer requested the performance team to review the query plan for potential inefficiencies. The agent escalated the note and promised a response within 24 hours.",9,55,false,4.0,33,"Phone",false,"new-customer,onboarding,setup"
"CALL-015","SF-00009001","2026-05-27 11:00:00.000",420,"Maria Garcia","Inbound","Positive","@CUSTOMER_360.PUBLIC.CALL_RECORDINGS_STAGE/call_015_smith.mp4","Customer: Hi Maria, John here. I wanted to discuss our Customer 360 project - we've built something quite impressive using Snowflake.
Agent: Hi John! I'd love to hear about it. What have you been building?
Customer: We've unified our Salesforce contacts with SAP customer master data using fuzzy matching. Over 6.5 million records matched. We're using Cortex Search for semantic contract search and Cortex Summarize for call transcription summaries.
Agent: That sounds fantastic. How's the performance been?
Customer: Brilliant. The golden table approach means search is sub-second even across millions of records. We built a React frontend with Next.js that connects via API routes.
Agent: Would you be open to presenting this at our next customer showcase? This is exactly the kind of use case other customers would benefit from hearing about.
Customer: Absolutely, I'd be happy to. Just let me know the date.
Agent: I'll send you an invite for June 15th. We'd love a 20-minute demo showing the fuzzy matching and the Cortex AI features.
Customer: Perfect, looking forward to it. The app really shows the power of having everything in one platform.","Customer John discussed the successful implementation of the Customer 360 project using Snowflake, which involved unifying Salesforce contacts with SAP customer master data using fuzzy matching, and using Cortex Search and Summarize for semantic search and call transcription summaries. The performance has been excellent, and a React frontend was built for the application. John agreed to present the project at the next customer showcase on June 15th.",30,49,true,4.7,99,"Email",false,"login,password,access,technical"
"CALL-017","SF-SF-0033r00003hMYRAAA4","2026-03-10 09:45:00.000",285,"Sarah O'Brien","Inbound","Neutral","@CUSTOMER_360.PUBLIC.CALL_RECORDINGS_STAGE/call_017.mp4","Agent: Good morning, Sarah speaking. How can I help? Customer: Hi Sarah, John Smith from Snowflake here. I need to update our billing contact details. Agent: Of course, John. Let me pull up your account. Can you confirm your email? Customer: john.smith@snowflake.com. Agent: Perfect. What changes do you need? Customer: We have a new finance controller, need to redirect invoices to accounts-payable@snowflake.com instead of my personal email. Agent: No problem. I've updated the primary billing contact. Invoices from next month will go to that address. Would you like a confirmation email? Customer: Yes please, to my email. Agent: Done. Is there anything else I can help with? Customer: Actually, can you tell me when our contract renewal is due? Agent: Let me check... your current agreement expires on 30 September 2026. We'd typically start renewal discussions about 60 days prior. Customer: Great, thanks Sarah. Agent: You're welcome, John. Have a good day.","Customer John Smith from Snowflake contacted Sarah to update billing details, changing the email address for invoices from his personal email to accounts-payable@snowflake.com. Sarah confirmed the change and informed him of the upcoming contract renewal date, which is on 30 September 2026, with renewal discussions starting around 60 days prior.",16,116,false,4.0,45,"Phone",false,"feedback,satisfaction,recommendation"
"CALL-018","SF-SF-0033r00003hMYRAAA4","2026-04-22 14:30:00.000",412,"James Kelly","Inbound","Negative","@CUSTOMER_360.PUBLIC.CALL_RECORDINGS_STAGE/call_018.mp4","Agent: James Kelly speaking, how can I help? Customer: James, it's John Smith. We have a serious issue. Our data pipeline has been down since this morning and our production dashboards are showing no data. Agent: I'm sorry to hear that John. Let me check your account immediately. When did you first notice this? Customer: About 7am. The warehouse seems to be stuck in a queued state. Nothing is processing. Agent: I can see the issue. There was a scheduled maintenance window that affected your region. It should have completed by 6am but it appears to have overrun. Customer: Nobody told us about maintenance. We have SLAs with our own customers that depend on this data being fresh. Agent: You're right, and I apologise. The notification should have gone out 72 hours prior. Let me escalate this to engineering immediately and get your warehouse prioritised. Customer: How long to fix? Agent: I'm going to get an engineer on this right now. Can I call you back within 30 minutes with an update? Customer: Fine, but we need this resolved within the hour. Agent: Understood. I'll call you back shortly.","Customer reported data pipeline issue at 7am, with no data in production dashboards. Agent confirmed a scheduled maintenance window overran, causing the problem. Customer expressed concern about missed SLAs and lack of notification. Agent escalated the issue to engineering and promised an update within 30 minutes.",20,137,false,2.3,-47,"Phone",false,"complaint,escalation,manager"
"CALL-019","SF-SF-0033r00003hMYRAAA4","2026-04-22 15:05:00.000",156,"James Kelly","Outbound","Positive","@CUSTOMER_360.PUBLIC.CALL_RECORDINGS_STAGE/call_019.mp4","Agent: Hi John, James Kelly calling back as promised. Good news - engineering has resolved the issue. Your warehouse is now active and processing the backlog. Customer: I can see data flowing again. How long for the backlog to clear? Agent: Based on the queue depth, approximately 45 minutes for full catch-up. Customer: OK that's acceptable. What about the missed SLA notification? Agent: I've raised an internal incident report and you'll receive a formal apology letter along with the SLA credit calculation. Our SLA team will have that to you by end of week. Customer: Appreciate the quick resolution James. The communication gap is what concerns me most. Agent: Completely understood. I'll make sure you're on the priority notification list going forward. Customer: Thanks. Talk soon.","The issue with John's warehouse has been resolved by engineering, and data is now flowing again. The backlog is estimated to clear in approximately 45 minutes. An internal incident report has been filed for the missed SLA notification, and a formal apology letter along with SLA credit calculation will be sent by end of the week. John expressed concern about communication gaps and was assured priority notification going forward.",66,107,true,4.3,96,"Phone",false,"login,password,access,technical"
"CALL-020","SF-SF-0033r00003hMYRAAA4","2026-05-05 11:00:00.000",520,"Maria Garcia","Inbound","Positive","@CUSTOMER_360.PUBLIC.CALL_RECORDINGS_STAGE/call_020.mp4","Agent: Good morning, Maria speaking. Customer: Hi Maria, John Smith from Snowflake. I'm looking to expand our usage. We want to add Cortex AI to our subscription. Agent: Great to hear, John! Cortex AI has been very popular. Are you looking at specific features? Customer: Mainly the LLM functions for document analysis, and the Search service for our knowledge base. Agent: Perfect. Those are both part of the Cortex AI tier. For your current Enterprise plan, it's an add-on of €800 per month which includes up to 10 million tokens per month and 5 search services. Customer: What about the Analyst feature for text-to-SQL? Agent: That's included in the Cortex AI package as well. You'd get Analyst, Complete, Search, Summarize, and Translate all in one bundle. Customer: Excellent. Can we do a proof of concept first? Agent: Absolutely. I can set up a 30-day trial with full Cortex AI access at no charge. If you decide to proceed, we'd add it to your next renewal. Customer: Let's do that. Can you send the trial activation details to my email? Agent: Will do. I'll send that over today with documentation links and a getting-started guide. Anything else? Customer: No, that's great. Looking forward to trying it out. Agent: Wonderful. I'll follow up in two weeks to see how you're getting on. Have a great day, John.","Customer expressed interest in adding Cortex AI's document analysis and search services to their Snowflake subscription. Agent offered a 30-day free trial with full access to Cortex AI's Analyst, Complete, Search, Summarize, and Translate features. Customer agreed and requested trial activation details be sent to their email. Agent promised to follow up in two weeks.",63,51,true,4.5,96,"Email",false,"claim,status,processing,timeline"
"CALL-021","SF-SF-0033r00003hMYRAAA4","2026-05-19 16:20:00.000",198,"James Kelly","Outbound","Positive","@CUSTOMER_360.PUBLIC.CALL_RECORDINGS_STAGE/call_021.mp4","Agent: Hi John, James Kelly. Just calling for our monthly check-in. How's everything going with the Cortex AI trial? Customer: Really well actually. We've built a contract search service that lets our legal team query documents in natural language. Game changer. Agent: That's fantastic. Are you using Cortex Search for that? Customer: Yes, combined with Summarize for the results. The team is very impressed. We'll definitely want to make this permanent. Agent: Great to hear. I'll prepare the add-on paperwork for your review. Any concerns with the current platform? Customer: No, everything's been stable since that incident in April. The SLA credits came through which we appreciated. Agent: Good. We've also improved our notification system since then. You should have received a test alert last week? Customer: Yes, got it. Much better. Agent: Perfect. I'll send over the Cortex AI contract addition this week. Customer: Sounds good. Thanks James.","The monthly check-in call between John and James Kelly discussed the successful use of Cortex AI for building a natural language contract search service. The team is impressed and plans to make it permanent. The platform has been stable since the incident in April, and improvements have been made to the notification system. The Cortex AI contract addition will be sent over this week.",40,46,true,4.5,66,"Phone",false,"feedback,satisfaction,recommendation"
"CALL-022","SF-SF-0033r00003hMYRAAA4","2026-05-30 10:00:00.000",345,"Sarah O'Brien","Inbound","Neutral","@CUSTOMER_360.PUBLIC.CALL_RECORDINGS_STAGE/call_022.mp4","Agent: Morning, Sarah here. How can I help? Customer: Hi Sarah, John Smith. Quick question about data residency. We're expanding into Germany and need to confirm all our data stays within the EU. Agent: Absolutely, John. Your account is configured for EU-West-1 in Ireland as the primary region. All compute and storage is within the EEA. Customer: What about the Cortex AI features we're trialling? Where does that processing happen? Agent: Cortex AI for EU accounts runs entirely within EU data centres. No data leaves the EEA for inference or embedding generation. Customer: Perfect. And if we wanted to add a secondary region for DR? Agent: We offer cross-region replication to EU-Central-1 in Frankfurt. It's real-time replication with automatic failover. I can get you pricing if you're interested? Customer: Yes, send me a quote for that. We'll need it for our German compliance audit. Agent: Will do. I'll include it with the Cortex AI contract paperwork James is preparing. Customer: Great, thanks Sarah.","Customer inquired about data residency for expanding into Germany. Agent confirmed primary region is in EU-West-1 in Ireland, with all compute and storage within EEA. Cortex AI features run within EU data centers, with no data leaving EEA. Customer requested a quote for adding a secondary region in Frankfurt for DR purposes.",60,112,true,3.0,28,"Chat",true,"login,password,access,technical"
"CALL-023","SF-00009050","2026-01-22 10:15:00.000",290,"Sarah O'Brien","Inbound","Positive","@CUSTOMER_360.PUBLIC.CALL_RECORDINGS_STAGE/call_023.mp4","Agent: Good morning, Sarah here. How can I help? Customer: Hi Sarah, Dan Jones from Snowflake. I wanted to check on the status of our new data sharing setup. Agent: Hi Dan, let me pull up your account. I can see the data share was activated yesterday and your consumer accounts have access. Customer: Brilliant, that was fast. We've been trying to get this live for weeks on the old platform. Agent: Yes, Snowflake makes it much simpler. Is the data flowing correctly on the consumer side? Customer: Let me check... yes, I can see the tables refreshing. This is great. Our partners were asking about latency — how fresh is the shared data? Agent: It's near real-time. When you update your source tables, consumers see changes within seconds. There's no ETL or copy involved. Customer: Perfect. This is exactly what we needed. Thanks Sarah. Agent: You're welcome Dan. Give us a shout if you need anything else.","Customer Dan Jones checked on the status of his new data sharing setup with agent Sarah from Snowflake. The data share was activated the previous day, and consumer accounts had access. The data was flowing correctly and was near real-time. No ETL or copy was involved. Dan expressed satisfaction with the process, which was faster than on the old platform.",34,96,true,4.8,67,"Phone",true,"billing,invoice,payment,charges"
"CALL-024","SF-00009050","2026-02-14 14:30:00.000",380,"James Kelly","Inbound","Negative","@CUSTOMER_360.PUBLIC.CALL_RECORDINGS_STAGE/call_024.mp4","Agent: James Kelly, how can I help? Customer: James, it's Dan Jones. We're having a problem with our Snowpipe. Data stopped loading about 2 hours ago and we have a client demo in an hour. Agent: I understand the urgency Dan. Let me look at your Snowpipe status. Which pipe is affected? Customer: The one pulling from our S3 bucket — CUSTOMER_EVENTS_PIPE. Agent: I can see it here. There's an error — it looks like the S3 event notifications stopped being delivered. This can happen if someone modified the bucket policy. Customer: We did update our IAM roles yesterday for a security audit. That must have broken it. Agent: That's likely the cause. You'll need to re-run the ALTER PIPE... REFRESH command after fixing the IAM trust policy. Shall I walk you through it? Customer: Actually yes, I'm under pressure here. Can you stay on the line? Agent: Absolutely. First, go to your AWS console and verify the SNS topic still has permission to publish to the SQS queue... [continues technical walkthrough] Customer: OK I've run the refresh. Data is flowing again. Agent: Excellent. You should see the backlog clear in about 10 minutes. Customer: Thanks James, lifesaver. Agent: Happy to help. Good luck with the demo!","Customer experienced an issue with their Snowpipe, which stopped loading data from an S3 bucket due to modified IAM roles. Agent helped the customer by guiding them through the process of refreshing the pipe after fixing the IAM trust policy, and the data started flowing again.",100,32,true,1.5,-15,"Phone",false,"billing,invoice,payment,charges"
"CALL-025","SF-00009050","2026-03-05 09:00:00.000",210,"Maria Garcia","Outbound","Positive","@CUSTOMER_360.PUBLIC.CALL_RECORDINGS_STAGE/call_025.mp4","Agent: Hi Dan, Maria Garcia from the customer success team. Just doing our quarterly check-in. How are things going? Customer: Hey Maria, really well. We've been expanding our Snowflake usage across the team. Agent: Great to hear. I can see your compute usage has grown about 40% this quarter. Are you hitting any limits? Customer: No, the auto-scaling on the warehouses is working perfectly. We're running some pretty heavy ML training jobs now via Snowpark. Agent: That's exactly what it's designed for. Are you using Snowpark Container Services for the ML workloads? Customer: Not yet, but we're looking at it for our model serving. Can you set up a session with your solutions team? Agent: Absolutely. I'll schedule that for next week. Anything else on your radar? Customer: We want to explore Cortex AI for some of our text analytics. We're processing a lot of customer feedback. Agent: Perfect timing — we just launched Cortex Analyst for text-to-SQL. I'll include that in the demo. Customer: Sounds great. Thanks Maria.","Customer has been using Snowflake more extensively, with a 40% increase in compute usage this quarter. They're considering using Snowpark Container Services for ML workloads and are interested in Cortex AI for text analytics. Agent offers to schedule a session with the solutions team and includes Cortex Analyst in the demo.",13,30,true,4.5,90,"Phone",false,"complaint,escalation,manager"
"CALL-026","SF-00009050","2026-04-18 16:45:00.000",450,"Sarah O'Brien","Inbound","Neutral","@CUSTOMER_360.PUBLIC.CALL_RECORDINGS_STAGE/call_026.mp4","Agent: Good afternoon, Sarah speaking. Customer: Hi Sarah, Dan Jones. Quick question about data residency. We're onboarding a new German client and need to confirm our data doesn't leave the EU. Agent: Hi Dan. Your account is on our EU-West-1 region in Ireland. All data at rest and in transit stays within the EEA. Customer: What about cross-region replication? If we set up a secondary in Frankfurt, does any data transit through the US? Agent: No, replication between EU regions stays within the EU network. The data never touches US infrastructure. Customer: And Cortex AI processing? Agent: All Cortex functions for EU accounts run on EU compute. No data is sent externally for inference. Customer: Good. Can you send me something in writing for our DPO? They need it for the DPIA. Agent: I'll email you our data residency whitepaper and the specific configuration details for your account. You should have it within the hour. Customer: Thanks Sarah, really helpful.","The customer, Dan Jones, inquired about data residency for a new German client, and was assured by the agent, Sarah, that their account is on EU-West-1 region in Ireland, with all data staying within the European Economic Area (EEA). No data transits through US infrastructure during cross-region replication or Cortex AI processing for EU accounts. The agent promised to send a data residency whitepaper and specific account details for the Data Protection Officer (DPO) within an hour.",46,130,true,4.1,39,"Phone",false,"claim,status,processing,timeline"
"CALL-027","SF-00009050","2026-05-28 11:30:00.000",175,"James Kelly","Outbound","Positive","@CUSTOMER_360.PUBLIC.CALL_RECORDINGS_STAGE/call_027.mp4","Agent: Dan, James Kelly. Quick call about your renewal coming up in August. Customer: Hey James, yes I was going to call about that actually. We want to upgrade to the Business Critical tier. Agent: That's great news. Business Critical gives you the additional security features — customer-managed keys, private connectivity, HIPAA support. What's driving the upgrade? Customer: Our German client requires customer-managed encryption keys. And we want Tri-Secret Secure for the entire account. Agent: Makes sense. I'll prepare the upgrade proposal. You'd be looking at about a 25% premium over Enterprise. Customer: That's fine, we budgeted for it. Can we also lock in a 3-year term? Agent: Absolutely, that would give you a 15% multi-year discount on top. I'll work up the numbers and send them over by end of week. Customer: Perfect. Let's get it done before August. Agent: Will do. Talk soon Dan.","Customer is upgrading to Business Critical tier due to German client's requirement for customer-managed encryption keys and desire for Tri-Secret Secure. They are willing to pay a 25% premium and request a 3-year term for a 15% discount. Agent will prepare the proposal and send it by end of the week.",42,37,true,4.2,77,"Phone",false,"claim,status,processing,timeline"
"CALL-028","SF-SF-003VI00000OXA1SYAX","2025-07-02 14:00:00.000",556,"Emma Walsh","Outbound","Neutral","\N","Technical support call - customer had login issues. Agent reset credentials and verified access.","Standard inquiry handled. Information provided. Customer acknowledged. No escalation needed.",6,33,true,3.4,44,"Phone",false,"login,password,access,technical"
"CALL-031","SF-SF-003VI00000JbZ2WYAV","2026-05-24 15:00:00.000",127,"James Kelly","Outbound","Negative","\N","Follow-up call regarding claim status. Agent confirmed processing timeline and next steps.","Customer expressed frustration. Follow-up required within 48 hours. Potential churn risk identified.",103,146,false,2.3,-26,"Phone",false,"feedback,satisfaction,recommendation"
"CALL-032","SF-SF-003VI000011dVnfYAE","2026-05-11 12:00:00.000",164,"Maria Garcia","Inbound","Neutral","\N","Customer requested policy changes. Agent walked through options and updated preferences.","Standard inquiry handled. Information provided. Customer acknowledged. No escalation needed.",14,61,false,4.2,21,"Phone",false,"billing,invoice,payment,charges"
"CALL-033","SF-SF-003VI00000PDuZ6YAL","2026-04-28 09:00:00.000",201,"David Chen","Inbound","Positive","\N","Technical support call - customer had login issues. Agent reset credentials and verified access.","Customer satisfied with resolution. No further action required. Positive interaction noted.",96,121,true,4.1,63,"Phone",false,"cancellation,refund,dissatisfied"
"CALL-035","SF-SF-0030Z00003XH4ozQAD","2026-04-02 13:00:00.000",275,"Patrick Murphy","Inbound","Neutral","\N","Customer called about billing inquiry. Agent reviewed account and provided clarification on recent charges.","Standard inquiry handled. Information provided. Customer acknowledged. No escalation needed.",17,38,true,3.6,29,"Phone",false,"policy,renewal,upgrade,coverage"
"CALL-036","SF-SF-003VI00000BMUiiYAH","2026-03-20 10:00:00.000",312,"Sarah O'Brien","Inbound","Positive","\N","Follow-up call regarding claim status. Agent confirmed processing timeline and next steps.","Customer satisfied with resolution. No further action required. Positive interaction noted.",56,127,true,4.8,82,"Phone",false,"cancellation,refund,dissatisfied"
"CALL-037","SF-SF-0033r00003wlAoKAAU","2026-03-07 17:00:00.000",349,"James Kelly","Outbound","Negative","\N","Customer requested policy changes. Agent walked through options and updated preferences.","Customer expressed frustration. Follow-up required within 48 hours. Potential churn risk identified.",96,141,false,2.1,-32,"Chat",false,"claim,status,processing,timeline"
"CALL-038","SF-SF-003VI0000123DiOYAU","2026-02-22 14:00:00.000",386,"Maria Garcia","Inbound","Neutral","\N","Technical support call - customer had login issues. Agent reset credentials and verified access.","Standard inquiry handled. Information provided. Customer acknowledged. No escalation needed.",46,32,true,3.4,20,"Phone",false,"feedback,satisfaction,recommendation"
"CALL-039","SF-SF-003VI00000ehKFnYAM","2026-02-09 11:00:00.000",423,"David Chen","Inbound","Positive","\N","Renewal discussion. Agent presented upgrade options and confirmed existing coverage details.","Customer satisfied with resolution. No further action required. Positive interaction noted.",88,75,true,4.8,76,"Phone",false,"billing,invoice,payment,charges"
"CALL-040","SF-SF-0033r00003xvaH8AAI","2026-01-27 08:00:00.000",460,"Emma Walsh","Outbound","Positive","\N","Customer called about billing inquiry. Agent reviewed account and provided clarification on recent charges.","Customer satisfied with resolution. No further action required. Positive interaction noted.",9,146,true,4.4,95,"Phone",false,"new-customer,onboarding,setup"
"CALL-041","SF-SF-003VI00000achW8YAI","2026-01-14 15:00:00.000",497,"Patrick Murphy","Inbound","Negative","\N","Follow-up call regarding claim status. Agent confirmed processing timeline and next steps.","Customer expressed frustration. Follow-up required within 48 hours. Potential churn risk identified.",41,119,false,1.8,-22,"Chat",false,"feedback,satisfaction,recommendation"
"CALL-042","SF-SF-0033r00003vzsVQAAY","2026-01-01 12:00:00.000",534,"Sarah O'Brien","Inbound","Neutral","\N","Customer requested policy changes. Agent walked through options and updated preferences.","Standard inquiry handled. Information provided. Customer acknowledged. No escalation needed.",42,105,true,4.2,15,"Chat",false,"new-customer,onboarding,setup"
"CALL-043","SF-SF-003Do000009pfW7IAI","2025-12-19 09:00:00.000",571,"James Kelly","Outbound","Positive","\N","Technical support call - customer had login issues. Agent reset credentials and verified access.","Customer satisfied with resolution. No further action required. Positive interaction noted.",13,112,true,4.8,97,"Phone",true,"new-customer,onboarding,setup"
"CALL-044","SF-SF-003VI00000eszaXYAQ","2025-12-06 16:00:00.000",68,"Maria Garcia","Inbound","Negative","\N","Renewal discussion. Agent presented upgrade options and confirmed existing coverage details.","Customer expressed frustration. Follow-up required within 48 hours. Potential churn risk identified.",73,84,false,1.5,-46,"Email",false,"complaint,escalation,manager"
"CALL-045","SF-SF-003VI00000tVrmmYAC","2025-11-23 13:00:00.000",105,"David Chen","Inbound","Neutral","\N","Customer called about billing inquiry. Agent reviewed account and provided clarification on recent charges.","Standard inquiry handled. Information provided. Customer acknowledged. No escalation needed.",38,77,true,3.3,38,"Phone",false,"complaint,escalation,manager"
"CALL-046","SF-SF-0033r00003tEac5AAC","2025-11-10 10:00:00.000",142,"Emma Walsh","Outbound","Positive","\N","Follow-up call regarding claim status. Agent confirmed processing timeline and next steps.","Customer satisfied with resolution. No further action required. Positive interaction noted.",99,76,true,4.5,76,"Phone",true,"billing,invoice,payment,charges"
"CALL-047","SF-SF-003Do00000Pwpu8IAB","2025-10-28 17:00:00.000",179,"Patrick Murphy","Inbound","Negative","\N","Customer requested policy changes. Agent walked through options and updated preferences.","Customer expressed frustration. Follow-up required within 48 hours. Potential churn risk identified.",27,100,false,1.3,-50,"Phone",false,"cancellation,refund,dissatisfied"
"CALL-048","SF-SF-003VI00000OXA1SYAX","2025-10-15 14:00:00.000",216,"Sarah O'Brien","Inbound","Neutral","\N","Technical support call - customer had login issues. Agent reset credentials and verified access.","Standard inquiry handled. Information provided. Customer acknowledged. No escalation needed.",9,146,true,3.6,17,"Phone",false,"complaint,escalation,manager"
"CALL-049","SF-SF-003VI00000iSFFmYAO","2025-10-02 11:00:00.000",253,"James Kelly","Outbound","Positive","\N","Renewal discussion. Agent presented upgrade options and confirmed existing coverage details.","Customer satisfied with resolution. No further action required. Positive interaction noted.",6,96,true,4.5,72,"Phone",false,"policy,renewal,upgrade,coverage"
"CALL-050","SF-SF-003Do00000NUwxrIAD","2025-09-19 08:00:00.000",290,"Maria Garcia","Inbound","Positive","\N","Customer called about billing inquiry. Agent reviewed account and provided clarification on recent charges.","Customer satisfied with resolution. No further action required. Positive interaction noted.",45,52,true,4.4,61,"Chat",false,"policy,renewal,upgrade,coverage"
"CALL-051","SF-SF-003VI00000JbZ2WYAV","2025-09-06 15:00:00.000",327,"David Chen","Inbound","Negative","\N","Follow-up call regarding claim status. Agent confirmed processing timeline and next steps.","Customer expressed frustration. Follow-up required within 48 hours. Potential churn risk identified.",43,146,false,2.4,-31,"Phone",false,"new-customer,onboarding,setup"
"CALL-052","SF-SF-003VI000011dVnfYAE","2025-08-24 12:00:00.000",364,"Emma Walsh","Outbound","Neutral","\N","Customer requested policy changes. Agent walked through options and updated preferences.","Standard inquiry handled. Information provided. Customer acknowledged. No escalation needed.",10,138,true,4.0,20,"Phone",false,"feedback,satisfaction,recommendation"
"CALL-053","SF-SF-003VI00000PDuZ6YAL","2025-08-11 09:00:00.000",401,"Patrick Murphy","Inbound","Positive","\N","Technical support call - customer had login issues. Agent reset credentials and verified access.","Customer satisfied with resolution. No further action required. Positive interaction noted.",32,138,true,4.2,80,"Email",false,"policy,renewal,upgrade,coverage"
"CALL-054","SF-SF-003Do00000K5DKnIAN","2025-07-29 16:00:00.000",438,"Sarah O'Brien","Inbound","Negative","\N","Renewal discussion. Agent presented upgrade options and confirmed existing coverage details.","Customer expressed frustration. Follow-up required within 48 hours. Potential churn risk identified.",33,112,false,1.4,-36,"Email",false,"policy,renewal,upgrade,coverage"
"CALL-055","SF-SF-0030Z00003XH4ozQAD","2025-07-16 13:00:00.000",475,"James Kelly","Outbound","Neutral","\N","Customer called about billing inquiry. Agent reviewed account and provided clarification on recent charges.","Standard inquiry handled. Information provided. Customer acknowledged. No escalation needed.",8,36,true,2.9,10,"Phone",false,"billing,invoice,payment,charges"
"CALL-056","SF-SF-003VI00000BMUiiYAH","2025-07-03 10:00:00.000",512,"Maria Garcia","Inbound","Positive","\N","Follow-up call regarding claim status. Agent confirmed processing timeline and next steps.","Customer satisfied with resolution. No further action required. Positive interaction noted.",81,55,true,4.1,85,"Phone",true,"billing,invoice,payment,charges"
"CALL-059","SF-SF-003VI00000ehKFnYAM","2026-05-25 11:00:00.000",83,"Patrick Murphy","Inbound","Positive","\N","Renewal discussion. Agent presented upgrade options and confirmed existing coverage details.","Customer satisfied with resolution. No further action required. Positive interaction noted.",18,42,true,4.7,94,"Phone",false,"complaint,escalation,manager"
"CALL-060","SF-SF-0033r00003xvaH8AAI","2026-05-12 08:00:00.000",120,"Sarah O'Brien","Inbound","Positive","\N","Customer called about billing inquiry. Agent reviewed account and provided clarification on recent charges.","Customer satisfied with resolution. No further action required. Positive interaction noted.",40,77,true,4.9,64,"Phone",false,"cancellation,refund,dissatisfied"
"CALL-061","SF-SF-003VI00000achW8YAI","2026-04-29 15:00:00.000",157,"James Kelly","Outbound","Negative","\N","Follow-up call regarding claim status. Agent confirmed processing timeline and next steps.","Customer expressed frustration. Follow-up required within 48 hours. Potential churn risk identified.",30,98,false,1.1,-32,"Phone",false,"complaint,escalation,manager"
"CALL-062","SF-SF-0033r00003vzsVQAAY","2026-04-16 12:00:00.000",194,"Maria Garcia","Inbound","Neutral","\N","Customer requested policy changes. Agent walked through options and updated preferences.","Standard inquiry handled. Information provided. Customer acknowledged. No escalation needed.",53,110,false,3.0,33,"Phone",false,"claim,status,processing,timeline"
"CALL-063","SF-SF-003Do000009pfW7IAI","2026-04-03 09:00:00.000",231,"David Chen","Inbound","Positive","\N","Technical support call - customer had login issues. Agent reset credentials and verified access.","Customer satisfied with resolution. No further action required. Positive interaction noted.",43,104,true,4.7,96,"Phone",true,"new-customer,onboarding,setup"
"CALL-065","SF-SF-003VI00000tVrmmYAC","2026-03-08 13:00:00.000",305,"Patrick Murphy","Inbound","Neutral","\N","Customer called about billing inquiry. Agent reviewed account and provided clarification on recent charges.","Standard inquiry handled. Information provided. Customer acknowledged. No escalation needed.",9,66,false,3.0,26,"Phone",false,"new-customer,onboarding,setup"
"CALL-066","SF-SF-0033r00003tEac5AAC","2026-02-23 10:00:00.000",342,"Sarah O'Brien","Inbound","Positive","\N","Follow-up call regarding claim status. Agent confirmed processing timeline and next steps.","Customer satisfied with resolution. No further action required. Positive interaction noted.",42,62,true,4.7,82,"Phone",false,"login,password,access,technical"
"CALL-067","SF-SF-003Do00000Pwpu8IAB","2026-02-10 17:00:00.000",379,"James Kelly","Outbound","Negative","\N","Customer requested policy changes. Agent walked through options and updated preferences.","Customer expressed frustration. Follow-up required within 48 hours. Potential churn risk identified.",26,76,false,1.2,-23,"Phone",false,"new-customer,onboarding,setup"
"CALL-068","SF-SF-003VI00000OXA1SYAX","2026-01-28 14:00:00.000",416,"Maria Garcia","Inbound","Neutral","\N","Technical support call - customer had login issues. Agent reset credentials and verified access.","Standard inquiry handled. Information provided. Customer acknowledged. No escalation needed.",24,91,true,3.0,24,"Phone",true,"complaint,escalation,manager"
"CALL-069","SF-SF-003VI00000iSFFmYAO","2026-01-15 11:00:00.000",453,"David Chen","Inbound","Positive","\N","Renewal discussion. Agent presented upgrade options and confirmed existing coverage details.","Customer satisfied with resolution. No further action required. Positive interaction noted.",44,130,true,4.8,91,"Phone",false,"claim,status,processing,timeline"
"CALL-070","SF-SF-003Do00000NUwxrIAD","2026-01-02 08:00:00.000",490,"Emma Walsh","Outbound","Positive","\N","Customer called about billing inquiry. Agent reviewed account and provided clarification on recent charges.","Customer satisfied with resolution. No further action required. Positive interaction noted.",15,50,true,4.8,61,"Phone",false,"complaint,escalation,manager"
"CALL-071","SF-SF-003VI00000JbZ2WYAV","2025-12-20 15:00:00.000",527,"Patrick Murphy","Inbound","Negative","\N","Follow-up call regarding claim status. Agent confirmed processing timeline and next steps.","Customer expressed frustration. Follow-up required within 48 hours. Potential churn risk identified.",6,102,false,2.4,-39,"Phone",false,"login,password,access,technical"
"CALL-072","SF-SF-003VI000011dVnfYAE","2025-12-07 12:00:00.000",564,"Sarah O'Brien","Inbound","Neutral","\N","Customer requested policy changes. Agent walked through options and updated preferences.","Standard inquiry handled. Information provided. Customer acknowledged. No escalation needed.",14,36,false,4.0,29,"Phone",false,"complaint,escalation,manager"
"CALL-073","SF-SF-003VI00000PDuZ6YAL","2025-11-24 09:00:00.000",61,"James Kelly","Outbound","Positive","\N","Technical support call - customer had login issues. Agent reset credentials and verified access.","Customer satisfied with resolution. No further action required. Positive interaction noted.",48,130,true,4.4,95,"Phone",false,"login,password,access,technical"
"CALL-074","SF-SF-003Do00000K5DKnIAN","2025-11-11 16:00:00.000",98,"Maria Garcia","Inbound","Negative","\N","Renewal discussion. Agent presented upgrade options and confirmed existing coverage details.","Customer expressed frustration. Follow-up required within 48 hours. Potential churn risk identified.",67,45,false,1.1,-19,"Email",false,"complaint,escalation,manager"
"CALL-075","SF-SF-0030Z00003XH4ozQAD","2025-10-29 13:00:00.000",135,"David Chen","Inbound","Neutral","\N","Customer called about billing inquiry. Agent reviewed account and provided clarification on recent charges.","Standard inquiry handled. Information provided. Customer acknowledged. No escalation needed.",60,115,true,3.0,17,"Phone",false,"policy,renewal,upgrade,coverage"
"CALL-076","SF-SF-003VI00000BMUiiYAH","2025-10-16 10:00:00.000",172,"Emma Walsh","Outbound","Positive","\N","Follow-up call regarding claim status. Agent confirmed processing timeline and next steps.","Customer satisfied with resolution. No further action required. Positive interaction noted.",19,133,true,4.2,86,"Email",true,"cancellation,refund,dissatisfied"
"CALL-077","SF-SF-0033r00003wlAoKAAU","2025-10-03 17:00:00.000",209,"Patrick Murphy","Inbound","Negative","\N","Customer requested policy changes. Agent walked through options and updated preferences.","Customer expressed frustration. Follow-up required within 48 hours. Potential churn risk identified.",19,103,true,2.2,-13,"Phone",false,"feedback,satisfaction,recommendation"
"CALL-078","SF-SF-003VI0000123DiOYAU","2025-09-20 14:00:00.000",246,"Sarah O'Brien","Inbound","Neutral","\N","Technical support call - customer had login issues. Agent reset credentials and verified access.","Standard inquiry handled. Information provided. Customer acknowledged. No escalation needed.",29,74,false,3.3,13,"Phone",false,"policy,renewal,upgrade,coverage"
"CALL-079","SF-SF-003VI00000ehKFnYAM","2025-09-07 11:00:00.000",283,"James Kelly","Outbound","Positive","\N","Renewal discussion. Agent presented upgrade options and confirmed existing coverage details.","Customer satisfied with resolution. No further action required. Positive interaction noted.",5,104,true,4.9,91,"Phone",false,"feedback,satisfaction,recommendation"
"CALL-080","SF-SF-0033r00003xvaH8AAI","2025-08-25 08:00:00.000",320,"Maria Garcia","Inbound","Positive","\N","Customer called about billing inquiry. Agent reviewed account and provided clarification on recent charges.","Customer satisfied with resolution. No further action required. Positive interaction noted.",33,107,true,4.5,65,"Chat",false,"complaint,escalation,manager"
"CALL-081","SF-SF-003VI00000achW8YAI","2025-08-12 15:00:00.000",357,"David Chen","Inbound","Negative","\N","Follow-up call regarding claim status. Agent confirmed processing timeline and next steps.","Customer expressed frustration. Follow-up required within 48 hours. Potential churn risk identified.",20,69,false,2.0,-22,"Phone",false,"complaint,escalation,manager"
"CALL-082","SF-SF-0033r00003vzsVQAAY","2025-07-30 12:00:00.000",394,"Emma Walsh","Outbound","Neutral","\N","Customer requested policy changes. Agent walked through options and updated preferences.","Standard inquiry handled. Information provided. Customer acknowledged. No escalation needed.",28,32,false,3.1,22,"Chat",false,"cancellation,refund,dissatisfied"
"CALL-083","SF-SF-003Do000009pfW7IAI","2025-07-17 09:00:00.000",431,"Patrick Murphy","Inbound","Positive","\N","Technical support call - customer had login issues. Agent reset credentials and verified access.","Customer satisfied with resolution. No further action required. Positive interaction noted.",104,51,true,4.9,93,"Phone",false,"complaint,escalation,manager"
"CALL-084","SF-SF-003VI00000eszaXYAQ","2025-07-04 16:00:00.000",468,"Sarah O'Brien","Inbound","Negative","\N","Renewal discussion. Agent presented upgrade options and confirmed existing coverage details.","Customer expressed frustration. Follow-up required within 48 hours. Potential churn risk identified.",53,77,false,2.3,-31,"Phone",false,"login,password,access,technical"
"CALL-087","SF-SF-003Do00000Pwpu8IAB","2026-05-26 17:00:00.000",579,"David Chen","Inbound","Negative","\N","Customer requested policy changes. Agent walked through options and updated preferences.","Customer expressed frustration. Follow-up required within 48 hours. Potential churn risk identified.",63,65,true,2.4,-17,"Email",false,"claim,status,processing,timeline"
"CALL-089","SF-SF-003VI00000iSFFmYAO","2026-04-30 11:00:00.000",113,"Patrick Murphy","Inbound","Positive","\N","Renewal discussion. Agent presented upgrade options and confirmed existing coverage details.","Customer satisfied with resolution. No further action required. Positive interaction noted.",8,90,true,4.1,89,"Phone",false,"cancellation,refund,dissatisfied"
"CALL-090","SF-SF-003Do00000NUwxrIAD","2026-04-17 08:00:00.000",150,"Sarah O'Brien","Inbound","Positive","\N","Customer called about billing inquiry. Agent reviewed account and provided clarification on recent charges.","Customer satisfied with resolution. No further action required. Positive interaction noted.",71,96,false,4.6,67,"Chat",true,"feedback,satisfaction,recommendation"
"CALL-091","SF-SF-003VI00000JbZ2WYAV","2026-04-04 15:00:00.000",187,"James Kelly","Outbound","Negative","\N","Follow-up call regarding claim status. Agent confirmed processing timeline and next steps.","Customer expressed frustration. Follow-up required within 48 hours. Potential churn risk identified.",16,85,false,2.1,-50,"Phone",false,"billing,invoice,payment,charges"
"CALL-092","SF-SF-003VI000011dVnfYAE","2026-03-22 12:00:00.000",224,"Maria Garcia","Inbound","Neutral","\N","Customer requested policy changes. Agent walked through options and updated preferences.","Standard inquiry handled. Information provided. Customer acknowledged. No escalation needed.",68,67,true,2.8,41,"Email",false,"billing,invoice,payment,charges"
"CALL-093","SF-SF-003VI00000PDuZ6YAL","2026-03-09 09:00:00.000",261,"David Chen","Inbound","Positive","\N","Technical support call - customer had login issues. Agent reset credentials and verified access.","Customer satisfied with resolution. No further action required. Positive interaction noted.",22,132,true,4.6,62,"Phone",false,"cancellation,refund,dissatisfied"
"CALL-095","SF-SF-0030Z00003XH4ozQAD","2026-02-11 13:00:00.000",335,"Patrick Murphy","Inbound","Neutral","\N","Customer called about billing inquiry. Agent reviewed account and provided clarification on recent charges.","Standard inquiry handled. Information provided. Customer acknowledged. No escalation needed.",42,140,true,3.9,42,"Phone",false,"billing,invoice,payment,charges"
"CALL-096","SF-SF-003VI00000BMUiiYAH","2026-01-29 10:00:00.000",372,"Sarah O'Brien","Inbound","Positive","\N","Follow-up call regarding claim status. Agent confirmed processing timeline and next steps.","Customer satisfied with resolution. No further action required. Positive interaction noted.",30,35,true,4.8,62,"Chat",false,"cancellation,refund,dissatisfied"
"CALL-097","SF-SF-0033r00003wlAoKAAU","2026-01-16 17:00:00.000",409,"James Kelly","Outbound","Negative","\N","Customer requested policy changes. Agent walked through options and updated preferences.","Customer expressed frustration. Follow-up required within 48 hours. Potential churn risk identified.",68,146,true,1.7,-39,"Phone",false,"cancellation,refund,dissatisfied"
"CALL-098","SF-SF-003VI0000123DiOYAU","2026-01-03 14:00:00.000",446,"Maria Garcia","Inbound","Neutral","\N","Technical support call - customer had login issues. Agent reset credentials and verified access.","Standard inquiry handled. Information provided. Customer acknowledged. No escalation needed.",81,34,true,4.1,26,"Phone",false,"complaint,escalation,manager"
"CALL-099","SF-SF-003VI00000ehKFnYAM","2025-12-21 11:00:00.000",483,"David Chen","Inbound","Positive","\N","Renewal discussion. Agent presented upgrade options and confirmed existing coverage details.","Customer satisfied with resolution. No further action required. Positive interaction noted.",50,120,true,4.6,70,"Phone",false,"feedback,satisfaction,recommendation"
"CALL-100","SF-SF-0033r00003xvaH8AAI","2025-12-08 08:00:00.000",520,"Emma Walsh","Outbound","Positive","\N","Customer called about billing inquiry. Agent reviewed account and provided clarification on recent charges.","Customer satisfied with resolution. No further action required. Positive interaction noted.",28,81,true,4.6,74,"Chat",false,"claim,status,processing,timeline"
"CALL-101","SF-SF-003VI00000achW8YAI","2025-11-25 15:00:00.000",557,"Patrick Murphy","Inbound","Negative","\N","Follow-up call regarding claim status. Agent confirmed processing timeline and next steps.","Customer expressed frustration. Follow-up required within 48 hours. Potential churn risk identified.",34,80,false,1.7,-50,"Phone",false,"login,password,access,technical"
"CALL-102","SF-SF-0033r00003vzsVQAAY","2025-11-12 12:00:00.000",594,"Sarah O'Brien","Inbound","Neutral","\N","Customer requested policy changes. Agent walked through options and updated preferences.","Standard inquiry handled. Information provided. Customer acknowledged. No escalation needed.",10,91,true,3.9,44,"Phone",false,"new-customer,onboarding,setup"
"CALL-103","SF-SF-003Do000009pfW7IAI","2025-10-30 09:00:00.000",91,"James Kelly","Outbound","Positive","\N","Technical support call - customer had login issues. Agent reset credentials and verified access.","Customer satisfied with resolution. No further action required. Positive interaction noted.",31,95,true,4.1,64,"Phone",false,"new-customer,onboarding,setup"
"CALL-104","SF-SF-003VI00000eszaXYAQ","2025-10-17 16:00:00.000",128,"Maria Garcia","Inbound","Negative","\N","Renewal discussion. Agent presented upgrade options and confirmed existing coverage details.","Customer expressed frustration. Follow-up required within 48 hours. Potential churn risk identified.",93,145,false,1.4,-13,"Phone",false,"claim,status,processing,timeline"
"CALL-105","SF-SF-003VI00000tVrmmYAC","2025-10-04 13:00:00.000",165,"David Chen","Inbound","Neutral","\N","Customer called about billing inquiry. Agent reviewed account and provided clarification on recent charges.","Standard inquiry handled. Information provided. Customer acknowledged. No escalation needed.",63,65,true,3.6,24,"Phone",false,"policy,renewal,upgrade,coverage"
"CALL-106","SF-SF-0033r00003tEac5AAC","2025-09-21 10:00:00.000",202,"Emma Walsh","Outbound","Positive","\N","Follow-up call regarding claim status. Agent confirmed processing timeline and next steps.","Customer satisfied with resolution. No further action required. Positive interaction noted.",6,55,true,4.8,75,"Phone",false,"cancellation,refund,dissatisfied"
"CALL-107","SF-SF-003Do00000Pwpu8IAB","2025-09-08 17:00:00.000",239,"Patrick Murphy","Inbound","Negative","\N","Customer requested policy changes. Agent walked through options and updated preferences.","Customer expressed frustration. Follow-up required within 48 hours. Potential churn risk identified.",75,55,false,1.6,-23,"Chat",false,"login,password,access,technical"
"CALL-108","SF-SF-003VI00000OXA1SYAX","2025-08-26 14:00:00.000",276,"Sarah O'Brien","Inbound","Neutral","\N","Technical support call - customer had login issues. Agent reset credentials and verified access.","Standard inquiry handled. Information provided. Customer acknowledged. No escalation needed.",94,76,true,3.2,32,"Phone",false,"policy,renewal,upgrade,coverage"
"CALL-109","SF-SF-003VI00000iSFFmYAO","2025-08-13 11:00:00.000",313,"James Kelly","Outbound","Positive","\N","Renewal discussion. Agent presented upgrade options and confirmed existing coverage details.","Customer satisfied with resolution. No further action required. Positive interaction noted.",87,82,true,4.5,76,"Email",false,"claim,status,processing,timeline"
"CALL-110","SF-SF-003Do00000NUwxrIAD","2025-07-31 08:00:00.000",350,"Maria Garcia","Inbound","Positive","\N","Customer called about billing inquiry. Agent reviewed account and provided clarification on recent charges.","Customer satisfied with resolution. No further action required. Positive interaction noted.",103,42,true,4.2,83,"Email",false,"feedback,satisfaction,recommendation"
"CALL-111","SF-SF-003VI00000JbZ2WYAV","2025-07-18 15:00:00.000",387,"David Chen","Inbound","Negative","\N","Follow-up call regarding claim status. Agent confirmed processing timeline and next steps.","Customer expressed frustration. Follow-up required within 48 hours. Potential churn risk identified.",13,108,true,1.9,-18,"Phone",false,"claim,status,processing,timeline"
"CALL-112","SF-SF-003VI000011dVnfYAE","2025-07-05 12:00:00.000",424,"Emma Walsh","Outbound","Neutral","\N","Customer requested policy changes. Agent walked through options and updated preferences.","Standard inquiry handled. Information provided. Customer acknowledged. No escalation needed.",13,143,true,3.7,23,"Phone",false,"new-customer,onboarding,setup"
"CALL-168","SF-SF-003VI00000OXA1SYAX","2025-07-07 14:00:00.000",336,"Sarah O'Brien","Inbound","Neutral","\N","Technical support call - customer had login issues. Agent reset credentials and verified access.","Standard inquiry handled. Information provided. Customer acknowledged. No escalation needed.",19,41,true,4.2,29,"Phone",false,"feedback,satisfaction,recommendation"
"CALL-171","SF-SF-003VI00000JbZ2WYAV","2026-05-29 15:00:00.000",447,"David Chen","Inbound","Negative","\N","Follow-up call regarding claim status. Agent confirmed processing timeline and next steps.","Customer expressed frustration. Follow-up required within 48 hours. Potential churn risk identified.",18,82,true,1.2,-22,"Chat",true,"feedback,satisfaction,recommendation"
"CALL-173","SF-SF-003VI00000PDuZ6YAL","2026-05-03 09:00:00.000",521,"Patrick Murphy","Inbound","Positive","\N","Technical support call - customer had login issues. Agent reset credentials and verified access.","Customer satisfied with resolution. No further action required. Positive interaction noted.",76,76,true,4.3,87,"Phone",false,"login,password,access,technical"
"CALL-174","SF-SF-003Do00000K5DKnIAN","2026-04-20 16:00:00.000",558,"Sarah O'Brien","Inbound","Negative","\N","Renewal discussion. Agent presented upgrade options and confirmed existing coverage details.","Customer expressed frustration. Follow-up required within 48 hours. Potential churn risk identified.",18,138,true,2.1,-44,"Chat",false,"claim,status,processing,timeline"
"CALL-175","SF-SF-0030Z00003XH4ozQAD","2026-04-07 13:00:00.000",595,"James Kelly","Outbound","Neutral","\N","Customer called about billing inquiry. Agent reviewed account and provided clarification on recent charges.","Standard inquiry handled. Information provided. Customer acknowledged. No escalation needed.",14,94,true,3.6,31,"Phone",false,"cancellation,refund,dissatisfied"
"CALL-176","SF-SF-003VI00000BMUiiYAH","2026-03-25 10:00:00.000",92,"Maria Garcia","Inbound","Positive","\N","Follow-up call regarding claim status. Agent confirmed processing timeline and next steps.","Customer satisfied with resolution. No further action required. Positive interaction noted.",71,121,true,4.8,76,"Email",false,"login,password,access,technical"
"CALL-177","SF-SF-0033r00003wlAoKAAU","2026-03-12 17:00:00.000",129,"David Chen","Inbound","Negative","\N","Customer requested policy changes. Agent walked through options and updated preferences.","Customer expressed frustration. Follow-up required within 48 hours. Potential churn risk identified.",29,39,false,1.7,-14,"Phone",false,"claim,status,processing,timeline"
"CALL-179","SF-SF-003VI00000ehKFnYAM","2026-02-14 11:00:00.000",203,"Patrick Murphy","Inbound","Positive","\N","Renewal discussion. Agent presented upgrade options and confirmed existing coverage details.","Customer satisfied with resolution. No further action required. Positive interaction noted.",37,64,true,4.7,69,"Phone",true,"complaint,escalation,manager"
"CALL-180","SF-SF-0033r00003xvaH8AAI","2026-02-01 08:00:00.000",240,"Sarah O'Brien","Inbound","Positive","\N","Customer called about billing inquiry. Agent reviewed account and provided clarification on recent charges.","Customer satisfied with resolution. No further action required. Positive interaction noted.",43,142,true,4.6,83,"Email",false,"login,password,access,technical"
"CALL-181","SF-SF-003VI00000achW8YAI","2026-01-19 15:00:00.000",277,"James Kelly","Outbound","Negative","\N","Follow-up call regarding claim status. Agent confirmed processing timeline and next steps.","Customer expressed frustration. Follow-up required within 48 hours. Potential churn risk identified.",52,96,true,1.3,-39,"Phone",false,"feedback,satisfaction,recommendation"
"CALL-182","SF-SF-0033r00003vzsVQAAY","2026-01-06 12:00:00.000",314,"Maria Garcia","Inbound","Neutral","\N","Customer requested policy changes. Agent walked through options and updated preferences.","Standard inquiry handled. Information provided. Customer acknowledged. No escalation needed.",18,90,false,3.8,15,"Phone",false,"login,password,access,technical"
"CALL-183","SF-SF-003Do000009pfW7IAI","2025-12-24 09:00:00.000",351,"David Chen","Inbound","Positive","\N","Technical support call - customer had login issues. Agent reset credentials and verified access.","Customer satisfied with resolution. No further action required. Positive interaction noted.",10,103,true,4.1,78,"Phone",false,"new-customer,onboarding,setup"
"CALL-184","SF-SF-003VI00000eszaXYAQ","2025-12-11 16:00:00.000",388,"Emma Walsh","Outbound","Negative","\N","Renewal discussion. Agent presented upgrade options and confirmed existing coverage details.","Customer expressed frustration. Follow-up required within 48 hours. Potential churn risk identified.",17,140,false,2.0,-24,"Phone",true,"login,password,access,technical"
"CALL-185","SF-SF-003VI00000tVrmmYAC","2025-11-28 13:00:00.000",425,"Patrick Murphy","Inbound","Neutral","\N","Customer called about billing inquiry. Agent reviewed account and provided clarification on recent charges.","Standard inquiry handled. Information provided. Customer acknowledged. No escalation needed.",42,133,true,3.8,18,"Chat",false,"cancellation,refund,dissatisfied"
"CALL-186","SF-SF-0033r00003tEac5AAC","2025-11-15 10:00:00.000",462,"Sarah O'Brien","Inbound","Positive","\N","Follow-up call regarding claim status. Agent confirmed processing timeline and next steps.","Customer satisfied with resolution. No further action required. Positive interaction noted.",16,60,false,4.7,85,"Phone",false,"new-customer,onboarding,setup"
"CALL-187","SF-SF-003Do00000Pwpu8IAB","2025-11-02 17:00:00.000",499,"James Kelly","Outbound","Negative","\N","Customer requested policy changes. Agent walked through options and updated preferences.","Customer expressed frustration. Follow-up required within 48 hours. Potential churn risk identified.",43,81,false,1.1,-39,"Phone",false,"policy,renewal,upgrade,coverage"
"CALL-188","SF-SF-003VI00000OXA1SYAX","2025-10-20 14:00:00.000",536,"Maria Garcia","Inbound","Neutral","\N","Technical support call - customer had login issues. Agent reset credentials and verified access.","Standard inquiry handled. Information provided. Customer acknowledged. No escalation needed.",19,34,false,2.8,42,"Phone",true,"feedback,satisfaction,recommendation"
"CALL-189","SF-SF-003VI00000iSFFmYAO","2025-10-07 11:00:00.000",573,"David Chen","Inbound","Positive","\N","Renewal discussion. Agent presented upgrade options and confirmed existing coverage details.","Customer satisfied with resolution. No further action required. Positive interaction noted.",76,82,true,4.3,80,"Phone",false,"cancellation,refund,dissatisfied"
"CALL-190","SF-SF-003Do00000NUwxrIAD","2025-09-24 08:00:00.000",70,"Emma Walsh","Outbound","Positive","\N","Customer called about billing inquiry. Agent reviewed account and provided clarification on recent charges.","Customer satisfied with resolution. No further action required. Positive interaction noted.",34,124,true,4.3,77,"Chat",false,"complaint,escalation,manager"
"CALL-191","SF-SF-003VI00000JbZ2WYAV","2025-09-11 15:00:00.000",107,"Patrick Murphy","Inbound","Negative","\N","Follow-up call regarding claim status. Agent confirmed processing timeline and next steps.","Customer expressed frustration. Follow-up required within 48 hours. Potential churn risk identified.",30,68,false,1.5,-38,"Phone",false,"complaint,escalation,manager"
"CALL-192","SF-SF-003VI000011dVnfYAE","2025-08-29 12:00:00.000",144,"Sarah O'Brien","Inbound","Neutral","\N","Customer requested policy changes. Agent walked through options and updated preferences.","Standard inquiry handled. Information provided. Customer acknowledged. No escalation needed.",19,149,false,3.8,46,"Phone",false,"new-customer,onboarding,setup"
"CALL-193","SF-SF-003VI00000PDuZ6YAL","2025-08-16 09:00:00.000",181,"James Kelly","Outbound","Positive","\N","Technical support call - customer had login issues. Agent reset credentials and verified access.","Customer satisfied with resolution. No further action required. Positive interaction noted.",43,128,true,4.2,85,"Phone",false,"policy,renewal,upgrade,coverage"
"CALL-194","SF-SF-003Do00000K5DKnIAN","2025-08-03 16:00:00.000",218,"Maria Garcia","Inbound","Negative","\N","Renewal discussion. Agent presented upgrade options and confirmed existing coverage details.","Customer expressed frustration. Follow-up required within 48 hours. Potential churn risk identified.",98,112,false,2.4,-50,"Phone",true,"new-customer,onboarding,setup"
"CALL-195","SF-SF-0030Z00003XH4ozQAD","2025-07-21 13:00:00.000",255,"David Chen","Inbound","Neutral","\N","Customer called about billing inquiry. Agent reviewed account and provided clarification on recent charges.","Standard inquiry handled. Information provided. Customer acknowledged. No escalation needed.",31,101,true,3.5,28,"Phone",true,"claim,status,processing,timeline"
"CALL-196","SF-SF-003VI00000BMUiiYAH","2025-07-08 10:00:00.000",292,"Emma Walsh","Outbound","Positive","\N","Follow-up call regarding claim status. Agent confirmed processing timeline and next steps.","Customer satisfied with resolution. No further action required. Positive interaction noted.",30,136,true,4.0,86,"Phone",false,"complaint,escalation,manager"
"CALL-141","SF-SF-003VI00000achW8YAI","2026-06-23 15:00:00.000",417,"David Chen","Inbound","Negative","\N","Customer: Look, I have already spoken to my barrister about this claim. The settlement you offered is insulting. I am going to the financial ombudsman and filing a formal complaint for mis-selling. Your agent told me I was covered but it was clearly fraudulent misrepresentation. Agent: I understand your concerns. Customer: No, you clearly do not. This is negligence plain and simple. I want to speak to someone about data breach as well because my personal details were shared without my consent. That is a GDPR violation and the ICO will hear about it. I expect full compensation including damages for emotional distress.","Customer expressed frustration. Follow-up required within 48 hours. Potential churn risk identified.",24,87,false,1.7,-21,"Email",false,"login,password,access,technical"
"CALL-085","SF-SF-003VI00000tVrmmYAC","2026-06-21 13:00:00.000",505,"James Kelly","Outbound","Neutral","\N","Agent: Hi, I am calling about your recent billing query. Customer: Oh great, another call from you lot. Listen, I gave my bank details to the last agent and nothing has been processed. My account number is 87654321 and sort code 40-12-34. Why has the direct debit not been set up? Agent: Let me check that for you. Customer: While you are at it, can you confirm you have my mothers maiden name as the security answer? It is Sullivan. And my date of birth is 15th March 1978. Agent: I can see the notes here. Customer: This whole thing has been a nightmare. Absolutely pathetic service.","Standard inquiry handled. Information provided. Customer acknowledged. No escalation needed.",42,119,false,3.5,31,"Phone",false,"new-customer,onboarding,setup"
"CALL-113","SF-SF-003VI00000PDuZ6YAL","2026-06-22 09:00:00.000",461,"Patrick Murphy","Inbound","Positive","\N","Customer: This is the third bloody time I have called about this. Your company is a complete scam. The agent last time was a moron who gave me the wrong information. I am not paying another penny until you fix this. Agent: I apologise for the inconvenience. Customer: Apologies are not good enough. I want my money back. You people are crooks and thieves. I am going to report you to the FCA for unfair charges. And do not try to fob me off with your fine print and disclaimer rubbish. I know my consumer rights and you are in breach of contract.","Customer satisfied with resolution. No further action required. Positive interaction noted.",14,68,true,4.1,98,"Phone",false,"new-customer,onboarding,setup"
"CALL-169","SF-SF-003VI00000iSFFmYAO","2026-06-24 11:00:00.000",373,"James Kelly","Outbound","Positive","\N","Agent: Good morning, I am calling about your renewal. Customer: Before we go any further, can you take my credit card number to process the payment? It is 4532 7891 2345 6789, expiry date 03/28, CVV 445. Agent: Sir, I cannot take card details over the phone in this manner. Customer: Why not? My sort code is 20-45-67 and account number 12345678. I just want this sorted. Agent: For security purposes, we need to direct you to our secure payment portal. I cannot record your card number or bank details in this call. Customer: This is a waste of my time. Just take my PIN number, it is 4521. Give me your managers name, this is incompetent service.","Customer satisfied with resolution. No further action required. Positive interaction noted.",43,147,true,4.8,86,"Phone",false,"policy,renewal,upgrade,coverage"
"CALL-197","SF-SF-0033r00003wlAoKAAU","2026-06-25 17:00:00.000",329,"Patrick Murphy","Inbound","Negative","\N","Customer: I am absolutely furious about this. This is bloody ridiculous, you are all incompetent idiots. I want to speak to your damn manager right now. Agent: I understand your frustration sir, let me help. Customer: No, this is bullshit service. I have been waiting three weeks for my claim and nobody has done anything. You are all useless and I am going to sue your company. I will get my solicitor involved and file a lawsuit for negligence. Agent: Sir, I can see your claim is being processed. Customer: I want compensation for this disgraceful treatment. My lawyer says I have grounds for a breach of contract claim and I will take legal action if this is not resolved by Friday.","Customer expressed frustration. Follow-up required within 48 hours. Potential churn risk identified.",79,97,false,1.4,-45,"Phone",false,"feedback,satisfaction,recommendation"
"CALL-114","SF-SF-003Do00000K5DKnIAN","2026-06-09 16:00:00.000",498,"Sarah O'Brien","Inbound","Negative","\N","Customer: Can I update my bank details? My new sort code is 30-98-76 and account number 45678901. Also my IBAN is GB29 NWBK 6016 1331 9268 19. Agent: I will need to verify your identity first. Customer: Oh bollocks to your verification. I have been on hold for 45 minutes. This is intolerable. Just take my wire transfer details and process the payment. I also need to change my direct debit. Last month you took an unauthorized transaction from my account. That is theft. I want a chargeback immediately. Agent: Let me look into that for you.","Customer expressed frustration. Follow-up required within 48 hours. Potential churn risk identified.",14,48,true,1.3,-43,"Phone",true,"cancellation,refund,dissatisfied"
"CALL-001","SF-00009001","2025-11-15 09:23:00.000",342,"Sarah O'Brien","Inbound","Neutral","@CUSTOMER_360.PUBLIC.CALL_RECORDINGS_STAGE/call_001.mp4","Customer: I have had enough of this insurance scam. You people are con artists. The premium rate has gone up 40 percent and nobody told me. This is hidden charges and undisclosed fees. I want to cancel immediately. Agent: Let me look into your account. Customer: Do not bother with your excuses. I am going to my solicitor tomorrow to discuss a class action against your company. There must be thousands of customers you have ripped off with this mis-selling. I also want all my data deleted under right to erasure. Agent: I can help with your cancellation request. Customer: And I want compensation for the emotional distress this has caused.","Customer called about a discrepancy between quoted and invoiced amount. Agent confirmed account details and identified additional service charge as the cause. Billing team will review and get back within 24 hours.",39,44,true,3.8,41,"Chat",true,"new-customer,onboarding,setup"
"CALL-029","SF-SF-003VI00000iSFFmYAO","2026-06-19 11:00:00.000",593,"Patrick Murphy","Inbound","Positive","\N","Customer: Right, let me give you my payment info. My card number is 5412 7534 8901 2345 and the three digits on back are 782. The expiry is 11/27. Agent: Madam, please do not share your full card details verbally. Customer: Oh for gods sake, this is ridiculous. Every other company takes payment over the phone. You are all bloody useless. Just take my sixteen digits and process the refund. I also need to update my billing address and PIN code. Agent: I understand your frustration but we cannot record this information for security. Customer: Unbelievable. Absolutely unacceptable service.","Customer satisfied with resolution. No further action required. Positive interaction noted.",44,109,false,4.1,99,"Phone",false,"complaint,escalation,manager"
"CALL-030","SF-SF-003Do00000NUwxrIAD","2026-06-06 08:00:00.000",90,"Sarah O'Brien","Inbound","Positive","\N","Customer: Your agent last week was an absolute idiot. Called me stupid and said I was too thick to understand the policy. That is degrading and insulting behaviour. I want them sacked. Agent: I am very sorry to hear that. Customer: Sorry is not enough. That was discriminatory treatment and I will be filing with the equality act people. My daughter heard the call and she was disgusted. She said it was humiliating. I expect a formal apology and compensation or I am going to the press. This is a disgrace.","Customer satisfied with resolution. No further action required. Positive interaction noted.",96,130,false,4.8,75,"Phone",false,"feedback,satisfaction,recommendation"
"CALL-057","SF-SF-0033r00003wlAoKAAU","2026-06-20 17:00:00.000",549,"David Chen","Inbound","Negative","\N","Customer: I cannot believe how rude your staff are. The last person I spoke to was aggressive and threatening. They said if I did not pay immediately they would send the enforcement agent round. That is harassment and intimidation. I am recording this call. Agent: I am sorry to hear that. Customer: You should be. I want to make a formal complaint. I will go to the ombudsman. Your company is engaging in predatory lending practices and the interest rate is usury. I want a full and final settlement or I am taking this to court.","Customer expressed frustration. Follow-up required within 48 hours. Potential churn risk identified.",9,67,false,1.1,-44,"Phone",false,"feedback,satisfaction,recommendation"
"CALL-118","SF-SF-003VI0000123DiOYAU","2026-04-18 14:00:00.000",106,"Emma Walsh","Outbound","Neutral","\N","Toyota Insurance Services (operated as Toyota Insurance Management UK Limited) is authorized and regulated by the Financial Conduct Authority (FCA) under the Firm Reference Number 983839

Technical support call - customer had login issues. Agent reset credentials and verified access.","Standard inquiry handled. Information provided. Customer acknowledged. No escalation needed.",24,74,true,3.0,12,"Phone",false,"feedback,satisfaction,recommendation"
"CALL-148","SF-SF-003VI00000OXA1SYAX","2026-03-24 14:00:00.000",136,"Emma Walsh","Outbound","Neutral","\N","Toyota Insurance Services (operated as Toyota Insurance Management UK Limited) is authorized and regulated by the Financial Conduct Authority (FCA) under the Firm Reference Number 983839

Technical support call - customer had login issues. Agent reset credentials and verified access.","Standard inquiry handled. Information provided. Customer acknowledged. No escalation needed.",51,69,false,4.0,16,"Phone",false,"claim,status,processing,timeline"
"CALL-034","SF-SF-003Do00000K5DKnIAN","2026-04-15 16:00:00.000",238,"Emma Walsh","Outbound","Negative","\N","Toyota Insurance Services (operated as Toyota Insurance Management UK Limited) is authorized and regulated by the Financial Conduct Authority (FCA) under the Firm Reference Number 983839

Renewal discussion. Agent presented upgrade options and confirmed existing coverage details.","Customer expressed frustration. Follow-up required within 48 hours. Potential churn risk identified.",18,126,false,2.3,-22,"Chat",false,"policy,renewal,upgrade,coverage"
"CALL-064","SF-SF-003VI00000eszaXYAQ","2026-03-21 16:00:00.000",268,"Emma Walsh","Outbound","Negative","\N","Toyota Insurance Services (operated as Toyota Insurance Management UK Limited) is authorized and regulated by the Financial Conduct Authority (FCA) under the Firm Reference Number 983839

Renewal discussion. Agent presented upgrade options and confirmed existing coverage details.","Customer expressed frustration. Follow-up required within 48 hours. Potential churn risk identified.",24,50,true,1.5,-34,"Phone",false,"claim,status,processing,timeline"
"CALL-088","SF-SF-003VI00000OXA1SYAX","2026-05-13 14:00:00.000",76,"Emma Walsh","Outbound","Neutral","\N","Toyota Insurance Services (operated as Toyota Insurance Management UK Limited) is authorized and regulated by the Financial Conduct Authority (FCA) under the Firm Reference Number 983839

Technical support call - customer had login issues. Agent reset credentials and verified access.","Standard inquiry handled. Information provided. Customer acknowledged. No escalation needed.",5,68,true,3.9,16,"Chat",false,"new-customer,onboarding,setup"
"CALL-094","SF-SF-003Do00000K5DKnIAN","2026-02-24 16:00:00.000",298,"Emma Walsh","Outbound","Negative","\N","Toyota Insurance Services (operated as Toyota Insurance Management UK Limited) is authorized and regulated by the Financial Conduct Authority (FCA) under the Firm Reference Number 983839

Renewal discussion. Agent presented upgrade options and confirmed existing coverage details.","Customer expressed frustration. Follow-up required within 48 hours. Potential churn risk identified.",9,101,false,1.3,-38,"Chat",false,"new-customer,onboarding,setup"
"CALL-172","SF-SF-003VI000011dVnfYAE","2026-05-16 12:00:00.000",484,"Emma Walsh","Outbound","Neutral","\N","Toyota Insurance Services (operated as Toyota Insurance Management UK Limited) is authorized and regulated by the Financial Conduct Authority (FCA) under the Firm Reference Number 983839

Customer requested policy changes. Agent walked through options and updated preferences.","Standard inquiry handled. Information provided. Customer acknowledged. No escalation needed.",80,32,true,3.6,38,"Phone",false,"feedback,satisfaction,recommendation"
"CALL-178","SF-SF-003VI0000123DiOYAU","2026-02-27 14:00:00.000",166,"Emma Walsh","Outbound","Neutral","\N","Toyota Insurance Services (operated as Toyota Insurance Management UK Limited) is authorized and regulated by the Financial Conduct Authority (FCA) under the Firm Reference Number 983839

Technical support call - customer had login issues. Agent reset credentials and verified access.","Standard inquiry handled. Information provided. Customer acknowledged. No escalation needed.",6,93,false,3.9,49,"Chat",false,"billing,invoice,payment,charges"
"CALL-142","SF-SF-0033r00003vzsVQAAY","2026-06-10 12:00:00.000",454,"Emma Walsh","Outbound","Neutral","\N","Toyota Insurance Services (operated as Toyota Insurance Management UK Limited) is authorized and regulated by the Financial Conduct Authority (FCA) under the Firm Reference Number 983839

Customer: Your company is nothing but a bunch of crooks. I was sold this policy under fraudulent misrepresentation. The agent said it covered everything but the fine print says otherwise. That is a breach of duty of care. I have already been to citizens advice and they said I have grounds for a negligent misrepresentation claim. Agent: I want to help resolve this. Customer: The only resolution I will accept is full compensation plus punitive damages for your disgusting treatment of loyal customers. Otherwise, see you in court.","Standard inquiry handled. Information provided. Customer acknowledged. No escalation needed.",17,72,false,2.9,39,"Email",false,"cancellation,refund,dissatisfied"
"CALL-058","SF-SF-003VI0000123DiOYAU","2026-06-07 14:00:00.000",586,"Emma Walsh","Outbound","Neutral","\N","Toyota Insurance Services (operated as Toyota Insurance Management UK Limited) is authorized and regulated by the Financial Conduct Authority (FCA) under the Firm Reference Number 983839

Agent: Hello, I am following up on your claim. Customer: Finally. Look, I need to give you my national insurance number for the form, it is AB 12 34 56 C. And my passport number is 543217890. Agent: Actually, we do not need those details for this claim. Customer: Well your colleague asked for my social security details last time. That sounds like identity theft to me. Who else has access to my personal data? This smells like a phishing operation. I want to know who the beneficial owner of your company is. Agent: I assure you we are fully FCA regulated. Customer: Prove it. I want documentation.","Standard inquiry handled. Information provided. Customer acknowledged. No escalation needed.",73,106,false,3.0,39,"Phone",false,"feedback,satisfaction,recommendation"
"CALL-086","SF-SF-0033r00003tEac5AAC","2026-06-08 10:00:00.000",542,"Maria Garcia","Inbound","Positive","\N","Customer: Listen here you incompetent fool. I have been a customer for 15 years and this is how you treat me? The claim was denied due to your negligence. My lawyer has already filed a subpoena for your internal documents. Agent: Sir, let me review the claim. Customer: Too late for that. I have evidence of systematic fraud. Your company has been money laundering through inflated premiums. I am reporting this as a suspicious activity report to the authorities. The whole thing stinks of corruption and bribery. Agent: Sir, I understand you are upset. Customer: Upset? I am livid. Expect to hear from my barrister by Monday.","Customer satisfied with resolution. No further action required. Positive interaction noted.",24,67,true,4.1,83,"Phone",false,"complaint,escalation,manager"
"CALL-170","SF-SF-003Do00000NUwxrIAD","2026-06-11 08:00:00.000",410,"Maria Garcia","Inbound","Positive","\N","Customer: I need you to take a payment. My Visa number is 4916 3385 7290 1456, expiry 08/27, security code 934. Agent: I am sorry but we cannot take card details over a recorded line. Customer: Are you having a laugh? This is pathetic. Every time I call it is a different excuse. Last time someone asked for my CVV and took payment no problem. Make up your bloody minds. I want to speak to a manager right now. This is the most incompetent useless service I have ever experienced. Agent: I understand your frustration and will transfer you.","Customer satisfied with resolution. No further action required. Positive interaction noted.",15,104,true,4.7,76,"Phone",false,"feedback,satisfaction,recommendation"
"CALL-198","SF-SF-003VI0000123DiOYAU","2026-06-12 14:00:00.000",366,"Sarah O'Brien","Inbound","Neutral","\N","Customer: Right, I want to make an official complaint about intimidation from your debt collection team. They threatened to send bailiffs to my home. My children were frightened. That is harassment and coercive control. Agent: I am very sorry about that experience. Customer: Your apologies mean nothing. I am going to the financial ombudsman, the FCA, and my local MP. I also want copies of all recordings under a subject access request. If anything has been deleted that is a GDPR violation and I will take legal action for data breach. This is not over. Expect to hear from my solicitor about emotional distress damages.","Standard inquiry handled. Information provided. Customer acknowledged. No escalation needed.",67,127,true,3.1,21,"Phone",false,"new-customer,onboarding,setup"
"CALL-199","SF-SF-003VI00000ehKFnYAM","2026-05-30 11:00:00.000",403,"James Kelly","Outbound","Positive","\N","Renewal discussion. Agent presented upgrade options and confirmed existing coverage details.","Customer satisfied with resolution. No further action required. Positive interaction noted.",36,58,true,4.3,88,"Phone",false,"claim,status,processing,timeline"
"CALL-200","SF-SF-0033r00003xvaH8AAI","2026-05-17 08:00:00.000",440,"Maria Garcia","Inbound","Positive","\N","Customer called about billing inquiry. Agent reviewed account and provided clarification on recent charges.","Customer satisfied with resolution. No further action required. Positive interaction noted.",10,62,true,4.9,85,"Chat",false,"complaint,escalation,manager"
